易兴阳, 瑞安市人民医院
明兵, 瑞安市人民医院
张力, 瑞安市人民医院
孙碎康, 瑞安市人民医院
陈颖异, 瑞安市人民医院
卢学勉, 瑞安市人民医院
高潮, 瑞安市人民医院
曹华妹, 瑞安市人民医院
虞希祥, 瑞安市人民医院
陈炯, 瑞安市人民医院
陈崇喜, 瑞安市人民医院
杨瑞彊, 瑞安市人民医院
赵朴亚, 瑞安市人民医院
陈积贤, 瑞安市人民医院
郑永海, 瑞安市人民医院
杨树疆, 瑞安市人民医院
赵朴, 瑞安市人民医院
王伟良, 瑞安市人民医院
卢学勉, 瑞安市人民医院
任宗海, 瑞安市人民医院
陈炯, 瑞安市人民医院
孙碎康, 瑞安市人民医院
李阳, 瑞安市人民医院
高源统, 瑞安市人民医院
廖谦和, 瑞安市人民医院
蔡珠华, 瑞安市人民医院
蔡惠兰, 瑞安市人民医院
郑俊虎, 瑞安市人民医院
颜晓燕, 瑞安市人民医院
周瑞微, 瑞安市人民医院
李刚, 瑞安市人民医院
汤呈宣, 瑞安市人民医院
林利兴, 瑞安市人民医院
林燕, 瑞安市人民医院
余雪梅, 瑞安市人民医院
蔡春元, 瑞安市人民医院
林瑞新, 瑞安市人民医院
陈杰, 瑞安市人民医院
林玉霜, 瑞安市人民医院
武卫, 瑞安市人民医院
胡永启, 瑞安市人民医院
阮战伟, 瑞安市人民医院
何国鑫, 瑞安市人民医院
胡胜改, 瑞安市人民医院
赵敏异, 瑞安市人民医院
宋旭阳, 瑞安市人民医院
蒋聚洪, 瑞安市人民医院
蒲青凡, 瑞安市人民医院
钱建中, 瑞安市人民医院
郑侠, 瑞安市人民医院
张峰海, 瑞安市人民医院
赵微燕, 瑞安市人民医院
重症加强治疗病房, 温州地区
重症加强治疗病房, 床位
床位, 美国惠普公司产模块式多参数监护仪
床位, 中央供氧
床位, 中央负压吸引
床位, 美国产Bennett-7200ae呼吸机
床位, Bird-6400ST呼吸机
床位, BiPAP呼吸机
床位, 除颤监护起搏仪
床位, 呼未二氧化碳监测仪
床位, 颅内压监护仪
床位, 血糖仪
床位, 进口的微量注射泵
床位, 冰毯
床位, 床旁X线摄片机
重症加强治疗病房, 新住院大楼
新住院大楼, Hill-RomAdvant监护床
新住院大楼, DragerICU吊塔
新住院大楼, PHILIPSIntelliVue-MP60/70
新住院大楼, Bennett-7200ae呼吸机
新住院大楼, Bennett-840呼吸机
新住院大楼, DragerEvita2呼吸机
新住院大楼, Evita4呼吸机
新住院大楼, BiPAP呼吸机
新住院大楼, GAMBRO产PRISMA全自动床旁连续血滤系统
新住院大楼, AgilentHeartstreamXL除颤器/监护仪
新住院大楼, Detex-Ohmeda胃张力测定仪
新住院大楼, i-STAT快速血气生化分析仪
重症加强治疗病房, 医生
重症加强治疗病房, 护士
医生, 副主任医师
医生, 主治医师
医生, 住院医师
重症加强治疗病房, 病人
病人, 危重病患者
危重病患者, 严重感染
危重病患者, 严重创伤
危重病患者, 严重急性中毒
危重病患者, 重症急性胰腺炎
危重病患者, 急性心肌梗死
危重病患者, COPD急性加重并发严重呼吸衰竭
危重病患者, 严重支气管哮喘发作
危重病患者, 多器官功能障碍综合症
重症加强治疗病房, 器官功能不全和衰竭
器官功能不全和衰竭, ALI和ARDS
器官功能不全和衰竭, 急性肾功能衰竭
器官功能不全和衰竭, 心力衰竭
器官功能不全和衰竭, 休克
器官功能不全和衰竭, 凝血纤溶系统功能异常
器官功能不全和衰竭, 意识障碍
重症加强治疗病房, 监测技术
监测技术, 心电
监测技术, 呼吸
监测技术, 无创血压
监测技术, 体温
监测技术, 脉搏容积血氧饱和度
监测技术, 有创血流动力学监测
监测技术, 吸入氧浓度
监测技术, 呼出气二氧化碳浓度
监测技术, 胃黏膜二氧化碳张力与pHi测定
监测技术, 血气分析
监测技术, 血生化电解质监测
重症加强治疗病房, 器官功能支持技术
器官功能支持技术, 氧疗
器官功能支持技术, 人工气道的建立与管理
器官功能支持技术, 无创或有创机械通气等呼吸支持技术
器官功能支持技术, 床旁血液净化技术—CRRT
器官功能支持技术, 血管活性药物
器官功能支持技术, IABP
器官功能支持技术, 人工心室辅助泵
器官功能支持技术, 电转复和体外起搏器的应用
器官功能支持技术, 合理的肠内、肠外营养支持
器官功能支持技术, 代谢调理
器官功能支持技术, 精确的输液控制
器官功能支持技术, 抗菌药物的合理应用
重症加强治疗病房, 科研项目
重症加强治疗病房, 论文
金慎之, 中医科
"
(秦龙门", 中医科
"
(许达初", 中医科
"
(池仲贤", 中医科
"
(钟表甫", 中医科
"
(张国珍", 中医科
"
(涂克汝", 中医科
"
(刘善富", 中医伤骨科
"
(孙山", 中医伤骨科
"
(王治平", 中医伤骨科
"
(项福星", 外科
"
(陈自枢", 针灸科
"
(中药房", 中医科
"
(郑镁绍", 中医科
"
(施中华", 中医科
"
(中医妇科", 中医科
"
(中医骨伤科", 中医科
"
(中医男性科", 中医科
"
(神经科", 中医科
"
(儿科", 中医科
"
(消化科", 中医科
"
(理疗", 中医科
"
(推拿", 针灸科
"
(小针刀", 针灸科
1937年医院初创时, 人员编制和发展
人民政府接管旧卫生院时, 人员编制和发展
派进政治指导员1人, 人员编制和发展
吸收一批有真才实学的个体开业医师来院工作, 人员编制和发展
聘请王湘衡医师任院长后, 人员编制和发展
医院接收一批初中文化程度经过短期培训的学员担任护士和初级卫生人员, 人员编制和发展
医院迎来了第一批医药院校毕业的大、中专毕业生, 人员编制和发展
瑞安市人民医院工作人员一览表, 人员编制和发展
尊重知识，尊重人才, 人员编制和发展
技术队伍建设, 第一节人才队伍建设
择优保送接受系统深造, 技术队伍建设
选送医护骨干进修是培养人才的捷径之一, 技术队伍建设
开展专业教育自学考试和在职继续教育是培养人才的普遍途径, 技术队伍建设
引进医学硕士、博士及高级医技人员是医院专业人才队伍的重要补充, 技术队伍建设
通过职称晋升考试，引入人才竞争机制, 技术队伍建设
人事制度改革及员工培训, 第一节人才队伍建设
我院人事科从人事保卫科析出单独建制, 人事制度改革及员工培训
医院首次自主招聘应届医药院校本科毕业生21名, 人事制度改革及员工培训
医院自主招聘所有应届毕业生75人, 人事制度改革及员工培训
将64位长期在医院工作的临时工, 人事制度改革及员工培训
员工培训是人力资源管理的重要内容, 人事制度改革及员工培训
干部队伍建设, 第一节人才队伍建设
医院本着双向选择、择优录用原则, 干部队伍建设
首次实行中基层干部竞聘上岗, 干部队伍建设
每届任期内的干部都经过各种形式的培训, 干部队伍建设
人才队伍建设, 第四章以人为本重视人才培养
人员编制和发展, 人才队伍建设
技术队伍建设, 人才队伍建设
人事制度改革及员工培训, 人才队伍建设
干部队伍建设, 人才队伍建设
人事保卫科, 医院
保卫科, 医院
经济护卫队, 保卫科
协警队, 保卫科
瑞医消防中心, 保卫科
安全监控中心, 保卫科
治安保卫工作条例, 保卫科
值班执勤, 保卫科
打击防范违法犯罪行为, 保卫科
消防安全检查, 保卫科
处置突发事件, 保卫科
协助医患纠纷调解, 保卫科
巡逻防范, 保卫科
消防安全管理, 保卫科
安全监控, 保卫科
奖惩制度, 保卫科
职业道德教育, 保卫科
人性化管理, 保卫科
平安医院, 保卫科
温州医学院附属第三医院, 瑞安市人民医院
计算机中心, 信息科
图书馆, 信息科
病案, 信息科
统计室, 信息科
档案室, 信息科
财务, 医院信息管理系统
医院信息系统, 信息科
电子处方, 门诊
HIS系统, 医院信息系统
新机房, 信息中心
医院网站, 医院信息系统
院内网, 医院网站
院外网, 医院网站
预交款形式, 门诊就诊流程
影像存储与传输（PACS）项目, 医院信息系统
HIS全面升级, 医院信息系统
数据库采用ORACLE10g, HIS全面升级
高速局域网, 医院信息系统
全冗余, 网络结构
硬件环境, 软件开发
信息系统, 医院
设施较先进、功能较完善的管理系统, 信息系统
儿科, 医院
儿科病区, 儿科
早产儿保暖箱, 儿科
新生儿病房, 儿科
儿科专家门诊, 儿科
小儿神经内科专科门诊, 儿科
普通病房, 儿科
儿科教研室, 儿科
新生儿重症监护中心, 新生儿病房
肺出血, 新生儿重症监护中心
新生儿窒息, 新生儿重症监护中心
病毒性心肌炎, 新生儿重症监护中心
羊水吸入综合症, 新生儿重症监护中心
新生儿高胆红素血症, 新生儿重症监护中心
新生儿换血疗法, 新生儿重症监护中心
脑瘫, 新生儿重症监护中心
感染性休克, 新生儿重症监护中心
肝豆状核变性, 新生儿重症监护中心
肝糖原累积症, 新生儿重症监护中心
哮喘诊治, 儿科
免疫功能过敏原检查, 儿科
小儿内分泌遗传代谢专科门诊, 儿科
小儿胃镜检查, 儿科
先天性心脏病, 儿科
川崎病, 儿科
过敏性紫癜, 儿科
新生儿窒息的相关性研究, 儿科
肿瘤性胸腹水细胞染色体畸变, 儿科
中共党员唐伟奎, 人民政府
中共党员林和钗,人民政府
县文教局、瑞安中学、县卫生科和人民医院党组, 胡锦燊
县文教局、瑞安中学、县卫生科和人民医院党组, 嵇日余
中共瑞医党支部, 陈文
行政、临床、医技三个支部, 党总支
行政后勤、内科、外科、医技4个支部, 党总支
退离休支部, 卫生局党委
中共瑞医党委, 市委组织部
中共瑞医纪律检查委员会, 市委组织部
行政支部、后勤支部、内科支部、外科一支部、外科二支部、门诊支部、医技支部、退离休支部, 中共瑞医党委
行政支部、后勤支部、内科一支部、内科二支部、外科一支部、外科二支部、外科三支部、门诊支部、医技支部、退离休支部, 党委
妇幼保健院, 医院
妇幼分院党员组织,总院
行政支部、后勤支部、门诊支部、医技支部、临床第一支部、临床第二支部、临床第三支部、临床第四支部、临床第五支部、退离休支部、妇幼支部, 全院党组织结构
红十字医院,总院
红十字支部,总院
各级党组织, 医院
纪律检查委员会, 瑞安市人民医院党群组织机构图
党办, 瑞安市人民医院党群组织机构图
行政党支部, 瑞安市人民医院党群组织机构图
后勤党支部, 瑞安市人民医院党群组织机构图
门诊党支部, 瑞安市人民医院党群组织机构图
医技党支部, 瑞安市人民医院党群组织机构图
临床第一党支部, 瑞安市人民医院党群组织机构图
临床第二党支部, 瑞安市人民医院党群组织机构图
临床第三党支部, 党支部
临床第四党支部, 瑞安市人民医院党群组织机构图
临床第五党支部, 行政后勤支部
离退休党支部, 内科一支部
妇幼党支部, 内科二支部
红十字党支部, 内科三支部
外科一支部, 瑞安市人民医院党群组织机构图
工会女职工委员会, 外科二支部
外科三支部, 瑞安市人民医院党群组织机构图
党 共青团, 外科四支部
委, 医技一支部
医技二支部, 瑞安市人民医院党群组织机构图
红十字支部, 瑞安市人民医院党群组织机构图
妇幼支部, 瑞安市人民医院党群组织机构图
妇女联合会, 瑞安市人民医院党群组织机构图
离退休委员会, 瑞安市人民医院党群组织机构图
农工第一支部, 瑞安市人民医院党群组织机构图
中国农工民主党：瑞安市人民医院支部, 农工第二支部
农工第三支部, 瑞安市人民医院党群组织机构图
九三学社：医卫支社, 瑞安市人民医院党群组织机构图
中国民主同盟：瑞安市委会卫生支部, 瑞安市人民医院党群组织机构图
中国民主促进会：文化卫生支部, 瑞安市人民医院党群组织机构图
民主党派, 瑞安市人民医院党群组织机构图
中国民主建国会（医院尚无独立支部）, 瑞安市人民医院党群组织机构图
中国国民党革命委员会（医院尚无独立支部）, 瑞安市人民医院党群组织机构图
内分泌专业组, 内二病区
心血管专业组, 内二病区
主任医师, 内分泌病区
副主任医师, 内分泌病区
主治医师, 内分泌病区
住院医师, 内分泌病区
专科护士, 内分泌病区
内分泌病区, 内分泌科
院重点学科, 内分泌科
医疗质量优胜科室, 内分泌科
行风建设优胜科室, 内分泌科
市妇幼保健院, 瑞安市人民医院
瑞安县妇幼保健所, 县卫生院
县妇幼保健所, 县卫生防疫站
县卫生防疫妇幼保健站, 瑞安县卫生防疫妇幼保健站领导小组
县妇幼保健所, 卫生局
卫生防疫站, 瑞安县后垟村
妇幼保健所, 安阳新区A区
市妇幼保健院, 省有关厅局
市妇幼保健所, 市妇幼保健院
产科病区, 省卫生厅
医院, 浙江省卫生系统
医院, 瑞安市卫生系统
市妇幼保健院, 温州市卫生局
上呼吸道感染, 内科
疟疾, 内科
霍乱, 内科
肺结核, 内科
肺炎, 内科
肠蛔虫, 内科
胃肠炎, 内科
传染病, 内科
常见病, 内科
心包穿刺术, 内科
小脑延髓池穿刺术, 内科
肝脏穿刺活检, 内科
内服治疗成批肠原性青紫症, 内科
心电图机辅助诊断心脏病及各种心律失常, 内科
腹透治疗肾功能衰竭, 内科
心电监护仪, 内科
神经, 内二
心血管, 内二
消化, 内三
肿瘤, 内三
呼吸, 内四
内分泌, 内四
肾内, 内四
血液, 内四
经皮二尖辦球囊成形术, 内科
心脏临时、永久起搏器植入术, 内科
经皮冠状动脉成形术加支架植入术, 内科
肺泡灌洗行支镜吸痰术, 内科
全肺灌洗术, 内科
血、腹膜透析, 内科
肾移植术, 内科
亚砷酸（砒霜）治疗慢性白血病、骨髓瘤, 内科
续动态血糖监测, 内科
原发性醛固酮增多症等疑难症治疗, 内科
肿瘤综合治疗, 内科
逆行胰导管造影, 内科
乳头肌切开术和胆胰管取石、扩张、支架转入术, 内科
内镜下胃、食管癌的局部注射化疗, 内科
颅内血肿微创清除术, 内科
脑梗死超早期溶栓, 内科
陈扬弟, 中共浙江省第六届党代表大会
郝权武, 中共浙江省第八届党代表大会
汪永桢, 中共温州市第五届党代表大会
张力成, 中共温州市第七届党代表大会
金丽珍, 中共温州市第九届党代表大会
陈伟, 中共温州市第九届党代表大会
曹华妹, 中共温州市第十届党代表大会
李牧耕, 中共瑞安县第五届党代表大会
陈扬弟, 中共瑞安县第六届党代表大会
叶山仰, 中共瑞安县第六届党代表大会
胡玉珠, 中共瑞安县第六届党代表大会
叶山仰, 中共瑞安县第七届党代表大会
汪永桢, 中共瑞安县第七届党代表大会
程瑞花, 中共瑞安县第七届党代表大会
陈扬弟, 中共瑞安市第八届党代表大会
叶溱, 中共瑞安市第九届党代表大会
叶溱, 中共瑞安市第十届党代表大会
林春华, 中共瑞安市第十一届党代表大会
孙碎康, 中共瑞安市第十一届党代表大会
张松泽, 中共瑞安市第十二届党代表大会
金丽珍, 中共瑞安市第十二届党代表大会
戴华卫, 中共瑞安市第十二届党代表大会
谢作淼, 中共瑞安市第十二届党代表大会
荣洲, 政协瑞安市第十届委员会
章国忠, 政协瑞安市第十一届委员会
孙瑞华, 政协瑞安市第十一届委员会
柴志莲, 政协瑞安市第十一届委员会
陈颖异, 政协瑞安市第十一届委员会
缪初升, 政协瑞安市第十一届委员会
徐卫国, 政协瑞安市第十一届委员会
罗文朝, 政协瑞安市第十一届委员会
陈镇国, 政协瑞安市第十一届委员会
泮继豹, 政协瑞安市第十一届委员会
易兴阳, 政协瑞安市第十一届委员会
林玉霜, 政协瑞安市第十一届委员会
张顺开, 政协瑞安市第十一届委员会
赵朴, 政协瑞安市第十一届委员会
金凯, 政协瑞安市第十一届委员会
金光波, 政协瑞安市第十一届委员会
舒展容, 政协瑞安市第十一届委员会
郑娟妹, 政协瑞安市第十一届委员会
叶向阳, 政协瑞安市第十一届委员会
李荣洲, 政协瑞安市第十一届委员会
西药房, 旧卫生院
医技工作, 旧卫生院
X光室, 医技科室
检验室, 医技科室
心电图室, 医技科室
病理室, 医技科室
医技科室, 医院
医疗检测系统, 医技科室
管理机制及演化, 医政管理
医疗制度建设, 医政管理
医疗质量与医疗安全, 医政管理
医疗技术管理, 医政管理
医疗管理, 医政管理
医疗行政工作, 医政管理
医疗股, 医疗行政工作
分管院长, 医疗行政工作
医务科, 分管院长
质管科, 医务科
科教科, 医务科
医务科办公室, 医务科
投诉办公室, 医务科
预防保健科, 医务科
医疗质量管理科, 医务科
医院感染科, 医务科
公费医疗办公室, 医务科
病案统计室, 医务科
各委员会及管理小组, 医务科
医疗制度, 医疗制度建设
病案管理制度, 医疗制度
病历书写制度, 医疗制度
病例讨论制度, 医疗制度
查房制度, 医疗制度
三级医师负责制度, 医疗制度
医疗安全记分管理办法, 医疗制度
重点病人管理办法, 医疗制度
手术审批和分级管理办法, 医疗制度
全程医疗质量控制和持续改进方案, 医疗制度
法律意识、安全意识和服务意识, 医疗质量与医疗安全
诊疗技术操作标准, 医疗技术管理
诊疗常规蓝本, 医疗技术管理
检查考核制度, 医疗技术管理
病历质量检查评分, 医疗技术管理
金慎之, 医林人物
许达初, 医林人物
方朴如, 医林人物
池仲贤, 医林人物
洪天遂, 医林人物
王湘衡, 医林人物
王汉青, 医林人物
项棣荪, 医林人物
叶圣炯, 医林人物
蔡宗礼, 医林人物
医林人物, 时代颂歌人才辈出
陈志松, 当代名医
陈仲霖, 当代名医
王济群, 当代名医
方克印, 当代名医
郝权武, 当代名医
叶山仰, 当代名医
当代名医, 时代颂歌人才辈出
瑞安市第二人民医院, 市红十字医院外科
"
(胆道结石", 肿瘤外科诊治
"
(门静脉菌血症与外科消化道疾病关系探讨", 门静脉内毒素血症的研究
"
(罗慧平", 省立第一医院骨科
"
(解放军21军63师189团卫生队", 志愿军辎重11团22大站辎重22营
"
(洞头县人民医院", 防疫站
"
(玉环", 温岭县卫生局
"
(温州医学院预科", 医疗系本科
"
(氨卞青霉素所致的皮疹的临床分析", 温州市优秀论文三等奖
"
(鲎试验的临床应用", 瑞安市优秀论文三等奖
"
(浙江医科大学临床医学本科", 瑞安市人民医院
"
(瑞安市人民医院医务科", 大内科
"
(流行性脑脊髓膜炎", 白喉
"
(副霍乱", 有机磷农药中毒的抢救工作
"
(温州卫生学校医士专业", 温州医学院西医离职进修中医班
"
(妇产科", 瑞安市人民医院妇产科
"
(上海第一医学院儿科系", 宁夏回族自治区石嘴山市医院
"
(新生儿疾病", 变应性疾病
"
(遗传性血液病", 代谢病
"
(脆性X综合征研究进展综述", 肿瘤性胸腹水染色体畸变的观察
"
(温州医学院儿科兼职副教授", 国家教委公派以高级访问学者身份
"
(浙江医科大学医疗系", 瑞安人民医院外科
"
(瑞安市人民医院副院长", 工会主席
"
(浙江医科大学医疗系", 泰顺县人民医院
"
(上海第二医学院口腔系", 中华医学会瑞安分会理事
原外科病房, 瑞安市人民医院
制剂楼, 瑞安市人民医院
内科大楼, 瑞安市人民医院
原放射科, 瑞安市人民医院
康复病房, 瑞安市人民医院
污水处理, 瑞安市人民医院
焚化炉房, 瑞安市人民医院
厕所, 瑞安市人民医院
门急楼大楼, 瑞安市人民医院
挂号厅, 瑞安市人民医院
传染病房楼, 瑞安市人民医院
锅炉房, 瑞安市人民医院
浴室、洗衣房, 瑞安市人民医院
汽车房及仓库, 瑞安市人民医院
住院医师楼, 瑞安市人民医院
综合大楼, 瑞安市人民医院
输液室, 瑞安市人民医院
门卫传达室, 瑞安市人民医院
放射大楼, 瑞安市人民医院
综合办公楼, 瑞安市人民医院
后勤供应中心, 瑞安市人民医院
美容中心, 瑞安市人民医院
门诊挂号厅, 瑞安市人民医院
综合病房大楼, 瑞安市人民医院
配电楼, 瑞安市人民医院
肿瘤治疗中心, 瑞安市人民医院
门诊楼装饰, 瑞安市人民医院
医技楼, 瑞安市人民医院
神经内科, 瑞安市人民医院
消化内科, 瑞安市人民医院
内科呼吸内科, 瑞安市人民医院
内分泌科, 瑞安市人民医院
住院部, 瑞安市人民医院
肾内科血透室, 住院部
血液内科, 瑞安市人民医院
心血管内科, 瑞安市人民医院
CCU, 心血管内科
感染科, 瑞安市人民医院
门诊化验室, 感染科
重症加强治疗病房, 瑞安市人民医院
检验科, 瑞安市人民医院
生化室, 检验科
普外一科, 瑞安市人民医院
微生物室, 检验科
普外科, 瑞安市人民医院
普外二科, 瑞安市人民医院
输血科, 瑞安市人民医院
泌尿外科, 瑞安市人民医院
病理科, 瑞安市人民医院
细胞室, 病理科
胸心外科, 瑞安市人民医院
手术室, 瑞安市人民医院
外科神经外科, 瑞安市人民医院
门诊西药房, 瑞安市人民医院
烧伤科, 瑞安市人民医院
门诊中药房, 瑞安市人民医院
骨一科, 瑞安市人民医院
骨科, 瑞安市人民医院
骨二科, 骨科
药剂科, 瑞安市人民医院
临床药学室, 药剂科
手外科, 瑞安市人民医院
药库, 药剂科
骨伤科, 瑞安市人民医院
制剂室, 药剂科
肛肠科, 瑞安市人民医院
麻醉科, 瑞安市人民医院
骨密度室, 麻醉科
尿动力学室, 瑞安市人民医院
医技科, 瑞安市人民医院
心电图室, 医技科
产一科, 瑞安市人民医院
妇产科, 瑞安市人民医院
产二科, 妇产科
脑电图室, 医技科
肌电图室, 医技科
妇科, 瑞安市人民医院
乳房红外线室, 妇科
儿科, 瑞安市人民医院
特检科, 儿科
超声影像科, 特检科
肺功能室, 特检科
新生儿病房, 儿科
纤维支气管镜室, 儿科
耳鼻咽喉科, 瑞安市人民医院
大五官眼科中心, 瑞安市人民医院
多普勒, 大五官眼科中心
口腔科, 瑞安市人民医院
放化疗科, 瑞安市人民医院
肿瘤综合治疗中心, 瑞安市人民医院
肿瘤外科, 肿瘤综合治疗中心
病员食堂, 瑞安市人民医院
微创治疗中心, 瑞安市人民医院
营养科, 瑞安市人民医院
肠外营养, 营养科
高压氧治疗室, 瑞安市人民医院
急诊科, 瑞安市人民医院
门急诊, 急诊科
门诊各科, 瑞安市人民医院
消毒供应室, 医院
医疗消毒灭菌, 消毒供应室
传染病房, 医院
隔离技术, 传染病房
消毒隔离制度, 护理部
清洁区和污染区, 各相应科室
感染管理委员会, 医院
副院长, 感染管理委员会
院科三级医院感染监控网络, 感染管理委员会
感染管理科, 医院
省医院感染管理中心网络, 本院
三级监控网络, 医院
感染管理委员会, 三级监控网络
医院感染管理科室监控小组, 三级监控网络
医院感染管理各类人员职责, 医院
重点科室医院感染管理制度, 医院
医疗废弃物管理制度, 医院
一次性医疗用品管理制度, 医院
医院感染病例网上报卡, 医院
感染管理通讯, 医院
医院感染管理内部网络, 医院
医院感染宣传教育, 医院
抗菌药物临床合理应用指导方案, 专家小组
合理使用抗生素的实施细则, 专家小组
消毒供应室, 重点部门医院感染管理
手术室, 重点部门医院感染管理
口腔科, 重点部门医院感染管理
内窥镜室, 重点部门医院感染管理
血透室, 重点部门医院感染管理
ICU, 重点部门医院感染管理
DSA, 重点部门医院感染管理
化验室, 重点部门医院感染管理
母婴同室, 重点部门医院感染管理
现代化洁净层流手术室, 手术室
器械清洗消毒机, 现代化洁净层流手术室
内镜超声波清洗机, 现代化洁净层流手术室
等离子低温灭菌器, 现代化洁净层流手术室
消毒供应中心, 消毒供应室
内窥镜中心环境流程, 院领导
口腔科分区, 院领导
手洗清洗加油机, 口腔科分区
自动包装机, 口腔科分区
快速压力蒸汽灭菌器, 口腔科分区
侵入性操作技术档案, DSA
洁净层流病房, ICU病房
感染病人和非感染病人分区收治, ICU病房
特殊感染病人单独安置, ICU病房
规范操作流程, 血液净化中心
感染病人和非感染病人分区收治, 血液净化中心
床单位消毒机, 医院环境净化
动态空气消毒机, 医院环境净化
医疗废物管理制度, 医院废物管理
医疗废物管理实施细则, 医院废物管理
紫外线污水处理站, 污水处理
专人管理, 紫外线污水处理站
医疗废物分类管理, 污物处理
一对一管理, 医疗废物分类管理
医疗废物暂时貯放点, 医疗废物分类管理
感染管理工作, 科研方面
温州市科技局, 科研方面
瑞安市科技局科研, 科研方面
中华医院感染学杂志, 科研方面
二级刊物论文数篇, 科研方面
浙江医专, 瑞安县立医院
日本东京帝国大学, 瑞安县立医院
瑞安县政府, 瑞安县立医院
洪天遂, 瑞安县立医院
黄裕光, 瑞安县立医院
何埒修, 瑞安县立医院
伍普文, 瑞安县立医院
王汉青, 瑞安县立医院
薛澄冰, 瑞安县立医院
管辅州, 瑞安县立医院
朱玉树, 瑞安县立医院
王时望、黄炯, 瑞安县立医院
王湘衡, 瑞安县立医院
唐伟奎, 瑞安县立医院
瑞安县卫生院, 瑞安县人民医院
瑞安县防疫站, 瑞安县人民医院
瑞安县妇幼保健所, 瑞安县人民医院
瑞安县第一人民医院, 瑞安县人民医院
瑞安市人民医院, 瑞安县人民医院
瑞安市妇幼保健院, 瑞安市人民医院
市红十字医院, 瑞安市人民医院
中国神经外科委员会上海－瑞安脑外科中心, 瑞安市人民医院
惠仁医药有限公司, 瑞安市人民医院
惠民医院, 瑞安市人民医院
瑞安市人民医院儿童医院分院, 瑞安市人民医院
洪天遂, 瑞安县立医院
黄裕光, 瑞安县立医院
何埒修, 瑞安县立医院
伍普文, 瑞安县立医院
王汉青, 瑞安县立医院
薛澄冰, 瑞安县立医院
管辅州, 瑞安县立医院
朱玉树, 瑞安县立医院
王湘衡, 瑞安县人民医院
瑞安县人民医院, 瑞安县人民政府卫生院
瑞安县人民医院, 瑞安市人民医院
瑞安市妇幼保健院, 瑞安市人民医院妇产科分院
市红十字医院, 瑞安市人民医院分院
市交通事故医疗急救中心, 瑞安市人民医院
中国神经外科专业委员会, 中国神经外科专业委员会上海－瑞安脑外科中心
省卫生厅, 温州医学院附属第三医院
奚业铭, 1955～1959主席
林性白, 1955～1959副主席
周锡柱, 1959~1966 主席
何尔儒, 1978.8～1982.3副主席
林春华, 1978.8～1982.3副主席
叶秀华, 1978.8～1982.3副主席
王笃君, 1982.3~1985.10副主席
叶秀华, 1982.3~1985.10副主席
钟天柱, 1982.3~1985.10副主席
陈永康, 1985.10～1988.11副主席
钟天柱, 1985.10～1988.11副主席
王逊, 1988.11~1994.4副主席
刘金华, 1988.11~1994.4副主席
汪永桢, 1994.4～1999.6副主席
刘金华, 1994.4～1999.6副主席
林杰, 1994.4～1999.6副主席
汪永桢, 1999.6～2003.9副主席
刘金华, 1999.6～2003.9副主席
林杰, 1999.6～2003.9副主席
李振勋, 2003.9～至今副主席
张建海, 2003.9～至今副主席
项云微, 2003.9～至今副主席
谢美珠, 2003.9～至今副主席
林丽, 2003.9～至今副主席
叶山仰, 1953－1958 支部书记
奚业铭, 1958－1961支部副书记
郝权武, 1958－1961支部副书记
戴渭麟, 1961－1963 支部书记
项玉珍, 1961－1963 支部副书记
周月恒, 1963－1964 支部书记
池翠玉, 1965－1966 支部书记
胡玉珠, 1972－1974 支部书记
王逊, 1974.1980.5支部副书记
张力成, 1974.1980.5支部副书记主持工作
李永平, 1980.5－1983.5总支副书记
程瑞花, 1980.5－1983.5总支副书记
刘金华, 1983.5－1985.1总支副书记
戴华卫, 1983.5－1985.1总支副书记
刘金华, 1985.1－1988.10团委副书记
吴洁, 1985.1－1988.10团委副书记
陈诗仁, 1988.10-1990.12团委副书记
吴洁, 1988.10-1990.12团委副书记
林峰, 1990.12－1993.11团委副书记
张建海, 1990.12－1993.11团委副书记
缪初升, 1990.12－1993.11团委副书记
林杰, 1993.11－2000.10团委副书记
张建海, 1993.11－2000.10团委副书记
余铭, 2000.10-2006.9团委副书记
白植峰, 2000.10-2006.9团委副书记
蔡龙瑞, 2006.9-至今团委副书记
徐芳, 2006.9-至今团委副书记
蔡建泽, 2006.9-至今团委副书记
四肢动脉损伤的临床研究, 张力成
腕掌侧严重切割伤的临床研究, 张力成
阻止急性水肿性胰腺炎向坏死性胰腺炎转变的基础与临床研究, 蒲青凡
巩膜三角形切口控制人工晶体植入术后角膜散光, 高潮
致命性肝癌自发性破裂出血的肝动脉栓塞抢救的临床研究, 虞希祥
中药妇舒汤治疗慢性盆腔炎的临床研究, 陈颖异
特大面积烧伤合并严重多发伤、重度吸入性损伤一例救治成功, 陈炯
子宫肌瘤病理血管彻底性栓塞治疗的临床研究, 虞希祥
颈动脉粥样硬化与脑梗死关系及危险因素探讨, 易兴阳
烧伤创面处理难点的突破与机理研究, 陈炯
下肢血管狭窄伴血栓形成介入治疗的临床研究, 虞希祥
应用人骨髓基质细胞治疗大鼠血性脑梗塞的实验研究, 娄晓
中药舒康汤的药效学实验研究, 陈颖异
新生儿缺氧缺铁性脑病MRI早期诊断研究, 明兵
微侵袭神经内镜应用技术的研究, 娄晓辉
大面积急性肺栓塞介入治疗与预防的临床研究, 虞希祥
应用人骨髓基质细胞治疗大鼠缺血性脑梗塞的实验研究, 娄晓辉
脑梗死复发的多因素分析及机制探讨, 易兴阳
拔牙, 口腔科
补牙, 口腔科
镶牙, 口腔科
牙列畸形矫治术, 口腔科
先天性唇裂修补术, 口腔科
口腔颌面部外伤修理, 口腔科
颌下腺混合瘤切除, 口腔科
慢性扁桃体炎摘除术, 口腔科
牙科技工室, 口腔科
先天性腭裂修补术, 口腔科
腮腺混合瘤切除术, 口腔科
下颌骨部分切除术, 口腔科
上頜骨前突矫正术, 口腔科
颞关节成形术加颞浅筋膜瓣充填术, 口腔科
面神经再植术, 口腔科
唇裂Ⅱ期矫正术, 口腔科
鬼冡法唇裂修补术, 口腔科
新生儿唇裂修补术, 口腔科
早期腭裂修补术, 口腔科
三叉神经撕脱修复术, 口腔科
腮腺导管再造加扩张噐埋入皮肤扩张术, 口腔科
岛状额瓣转移修复面颊部软组织缺损术, 口腔科
人工牙种植术, 口腔科
自体牙移植术, 口腔科
固定整畸后四环素牙脱, 口腔科
定根与无色塑化充填, 口腔科
美容整复专科, 口腔科
颌面外科专科, 口腔科
隆乳术, 口腔科
眼袋消除术, 口腔科
隆鼻术加鼻底部整复术, 口腔科
上睑下垂额肌悬吊术, 口腔科
下睑外翻矫正术, 口腔科
小颌畸形矫正术, 口腔科
口腔外科, 口腔科
口腔内科, 口腔科
口腔修复, 口腔科
口腔正畸, 口腔科
口腔技工, 口腔科
口腔放射, 口腔科
洁牙专科, 口腔科
种植专科, 口腔科
烤瓷牙, 口腔科
纳米烤瓷, 口腔科
浙江省, 浙江省中共党代会
温州市, 温州市中共党代会
瑞安市, 瑞安市中共党代会
浙江省中共党代会, 中共浙江省第六届党代表大会
浙江省中共党代会, 中共浙江省第八届党代表大会
温州市中共党代会, 中共温州市第五届党代表大会
温州市中共党代会, 中共温州市第七届党代表大会
温州市中共党代会, 中共温州市第八届党代表大会
温州市中共党代会, 中共温州市第九届党代表大会
温州市中共党代会, 中共温州市第十届党代表大会
瑞安市中共党代会, 中共瑞安县第五届党代表大会
瑞安市中共党代会, 中共瑞安县第六届党代表大会
瑞安市中共党代会, 中共瑞安县第七届党代表大会
瑞安市中共党代会, 中共瑞安市第八届党代表大会
瑞安市中共党代会, 中共瑞安市第九届党代表大会
瑞安市中共党代会, 中共瑞安市第十届党代表大会
瑞安市中共党代会, 中共瑞安市第十一届党代表大会
瑞安市中共党代会, 中共瑞安市第十二届党代表大会
浙江省, 浙江省人民代表大会
温州市, 温州市人民代表大会
瑞安市, 瑞安市人民代表大会
浙江省人民代表大会, 浙江省第二届人民代表大会
浙江省人民代表大会, 浙江省第三届人民代表大会
浙江省人民代表大会, 浙江省第七届人民代表大会
浙江省人民代表大会, 浙江省第八届人民代表大会
浙江省人民代表大会, 浙江省第十届人民代表大会
温州市人民代表大会, 温州市第六届人民代表大会
温州市人民代表大会, 温州市第七届人民代表大会
温州市人民代表大会, 温州市第八届人民代表大会
温州市人民代表大会, 温州市第九届人民代表大会
温州市人民代表大会, 温州市第十届人民代表大会
瑞安市人民代表大会, 瑞安县人民代表大会
瑞安县人民代表大会, 瑞安县二届各界人民代表大会
瑞安县人民代表大会, 瑞安县第一届人民代表大会
瑞安县人民代表大会, 瑞安县第二届人民代表大会
章国忠, 政协瑞安市第十一届委员会常委
孙瑞华, 政协瑞安市第十一届委员会委员
柴志莲, 政协瑞安市第十一届委员会委员
陈颖异, 政协瑞安市第十一届委员会委员
缪初升, 政协瑞安市第十一届委员会委员
徐卫国, 政协瑞安市第十一届委员会委员
罗文朝, 政协瑞安市第十一届委员会常委
陈镇国, 政协瑞安市第十一届委员会委员
泮继豹, 政协瑞安市第十一届委员会委员
易兴阳, 政协瑞安市第十一届委员会委员
林玉霜, 政协瑞安市第十一届委员会委员
张顺开, 政协瑞安市第十一届委员会常委
赵朴, 政协瑞安市第十一届委员会委员
金凯, 政协瑞安市第十一届委员会委员
金光波, 政协瑞安市第十一届委员会委员
舒展容, 政协瑞安市第十一届委员会委员
郑娟妹, 政协瑞安市第十一届委员会委员
叶向阳, 政协瑞安市第十一届委员会委员
李荣洲, 政协瑞安市第十一届委员会委员
七十年志略, 浙江省瑞安市人民医院
大事记, 七十年志略
机构沿革, 七十年志略
行政管理, 七十年志略
医疗业务, 七十年志略
教学科研, 七十年志略
后勤保障, 七十年志略
医林人物, 七十年志略
当地名医, 七十年志略
人物简表, 七十年志略
主要院领导, 人物简表
党政工团, 人物简表
高级职称人员, 人物简表
先进集体与个人简表, 七十年志略
优秀学术论文列表, 七十年志略
科研课题列表, 七十年志略
资料, 七十年志略
历史档案, 资料
各科室提供的素材, 资料
浙江省瑞安市人民医院院志, 七十年志略
统计数据, 七十年志略
院本部2006年底统计数据, 统计数据
参考书, 七十年志略
温州市卫生志, 参考书
温州医学院附属第一医院院史, 参考书
瑞安市组织史, 参考书
瑞安市志, 参考书
瑞安市卫生志, 参考书
院领导, 浙江省瑞安市人民医院
全院上下, 浙江省瑞安市人民医院
肺功能室, 呼吸内科
纤支镜室, 呼吸内科
主任医师, 呼吸内科
副主任医师, 呼吸内科
主治医师, 呼吸内科
住院医师, 呼吸内科
Drager呼吸机, 呼吸内科
多参数心电监护仪, 呼吸内科
肺功能测定仪, 呼吸内科
纤维支气管镜, 呼吸内科
电子气胸仪, 呼吸内科
肺功能检测, 呼吸内科
纤支镜检查术, 呼吸内科
介入术, 呼吸内科
经皮肺穿刺活检, 呼吸内科
胸膜活检, 呼吸内科
胸腔闭式引流术, 呼吸内科
胸膜粘连术, 呼吸内科
呼吸衰竭治疗, 呼吸内科
全肺灌洗术, 呼吸内科
温州医学院本科生讲课, 呼吸内科
临床带教工作, 呼吸内科
省级以上杂志论文发表, 呼吸内科
科研课题立项, 呼吸内科
科技创新奖, 呼吸内科
学术论文奖, 呼吸内科
继续教育项目, 呼吸内科
图书室, 医院
病案, 医院
统计, 医院
一名退休职工, 图书室
2名专职人员, 图书室
阅览室, 图书室
图书业务, 图书室
图书藏书, 图书室
期刊, 图书室
图书业务, 医务科
图书馆, 行政楼
阅览室, 图书馆
书库, 图书馆
期刊阵列架, 图书馆
双面铁书架, 图书馆
密集架, 图书馆
专职人员, 图书馆
图书业务, 图书馆
图书馆, 院长办公室
图书馆, 信息科
电子阅览室, 图书馆
外文资料室, 图书馆
图书馆工作人员, 图书馆
管理人员, 图书馆
电脑, 图书馆
中外文藏书, 图书馆
中外文现刊, 图书馆
中文过刊合订本, 图书馆
外文过刊, 图书馆
医疗用房, 基本建设
县立医院, 医疗用房
孔庙, 县立医院
集真观, 县立医院
瑞安县人民医院, 医疗用房
住院病房, 瑞安县人民医院
门诊部, 瑞安县人民医院
医技科, 瑞安县人民医院
新门诊, 瑞安县人民医院
手术室, 瑞安县人民医院
住院部, 瑞安县人民医院
卫生局, 瑞安县人民医院
洗衣房, 瑞安县人民医院
外科, 瑞安县人民医院
手术室, 瑞安县人民医院
妇产科病房, 瑞安县人民医院
锅炉房, 瑞安县人民医院
制剂室, 瑞安县人民医院
统计病案, 瑞安县人民医院
图书室, 瑞安县人民医院
汽车房, 瑞安县人民医院
放射科专用二层楼房, 瑞安县人民医院
内儿科大楼, 瑞安县人民医院
简易病房, 瑞安县人民医院
污水处理站, 瑞安县人民医院
传染病房, 瑞安县人民医院
太平间, 瑞安县人民医院
无塔供水设备, 瑞安县人民医院
五层门诊大楼, 瑞安县人民医院
挂号厅, 瑞安县人民医院
焚化炉, 瑞安县人民医院
厕所, 瑞安县人民医院
汽车房, 瑞安县人民医院
总务仓库, 瑞安县人民医院
浴室, 瑞安县人民医院
洗衣房, 瑞安县人民医院
住院医师楼, 瑞安县人民医院
综合治疗大楼, 瑞安县人民医院
门诊输液室, 瑞安县人民医院
传染病门诊楼, 瑞安县人民医院
外科楼, 瑞安县人民医院
内科楼, 瑞安县人民医院
传染病房, 瑞安县人民医院
放射科大楼, 瑞安县人民医院
输液室, 瑞安县人民医院
食堂, 瑞安县人民医院
办公大楼, 瑞安县人民医院
食堂, 医院自筹资金
办公楼, 医院自筹资金
后勤楼, 医院自筹资金
综合住院大楼, 医院自筹资金
配电楼, 医院自筹资金
污水处理站, 医院自筹资金
肿瘤综合治疗大楼, 医院自筹资金
门诊大楼, 医院自筹资金
医技楼, 医院自筹资金
新急诊大楼, 医院自筹资金
瑞祥分院工程, 医院自筹资金
医疗用房基建情况一览表, 基本建设
外伤, 外科
急救清创, 外科
脓肿切开, 外科
浅表肿瘤切除, 外科
疝修补术, 外科
阑尾切除术, 外科
腹部较简单手术, 外科
肠梗阻解除, 外科
肠吻合术, 外科
胆道出血肝固有动脉结扎治疗, 外科
胆囊切除, 外科
胆总管十二指肠吻合, 外科
胆道Roux-y吻合, 外科
甲状腺癌切除, 外科
胃切除Ⅰ式、Ⅱ式吻合, 外科
乳癌根治术, 外科
颅脑损伤手术清创, 外科
肝左、右切除, 外科
脾切除+脾肾静脉吻合, 外科
肠系膜静脉和下腔静脉吻合, 外科
胰头癌切除, 外科
巨甲瘤切除, 外科
甲癌切除+颈淋巴结清扫, 外科
胃癌根治术, 外科
全胃切除及各种方法小肠代胃, 外科
乳癌根治术（超根治、改良根治）, 外科
直肠癌根治术, 外科
四大淋巴结解剖术, 外科
巨大后腹膜肿瘤切除, 外科
海绵状血管瘤切除, 外科
肺切除, 外科
食管癌中、下段切除, 外科
心包剥脱, 外科
动脉导管结扎, 外科
右颈腔内静脉和胸导管吻合, 外科
纵膈肿瘤切除, 外科
颅内肿瘤切除, 外科
内囊清除血肿, 外科
脑表面肿瘤切除, 外科
神经切除, 外科
胸椎结核病灶清除, 外科
三翼钉股骨骨折内固定, 外科
髓内钉固定, 外科
巨结肠治疗, 外科
脐膨出症手术, 外科
寄生胎切除, 外科
肠系膜扭转不良, 外科
先天性肠闭塞, 外科
动脉闭塞症, 外科
骨科, 外科
普外科, 外科
神经科, 外科
泌尿科, 外科
烧伤科, 外科
胸心科, 外科
肿瘤科, 外科
肛肠科, 外科
肝门部胆管癌切除, 外科
肿瘤综合治疗中心, 外科
洪天遂先生, 瑞安县第一座公立医院
瑞安县第一座公立医院, 瑞安县立医院
旧县政府, 瑞安县立医院
瑞安县立医院, 县卫生院
县政府, 县卫生院
县人民政府筹委会, 旧卫生院
人民政府, 瑞安县人民医院
瑞安县人民医院, 瑞安县人民政府卫生院
瑞安县人民政府卫生院, 瑞安县人民医院
瑞安医院, 县防疫站
瑞安医院, 清卫管理处
瑞安医院, 瑞安县人民医院
瑞安医院, 瑞安中学
瑞安医院, 县卫生科
瑞安医院, 人民医院党组
人民医院党组, 瑞安县人民医院支部
瑞安医院, 医院护士长
医院护士长, 护理工作
王汉青, 抗美援朝国际医防第八队
县人民政府卫生科, 妇幼保健所
妇幼保健所, 本院妇产科
骨科, 大五官科
大五官科, 眼科
大五官科, 耳鼻咽喉科
急诊室, 急诊科
麻醉科, 手术室
人民政府, 预防保健科
医院, 瑞安县中医院
业技术职称晋升制度, 本院
四层简易病房, 1987年
病人, 四层简易病房
病人家属的简易旅馆, 四层简易病房
医院, 1987年7月
污水处理站、焚化炉房、门诊与住院两用厕所, 1987年
医院, 污水处理站、焚化炉房、门诊与住院两用厕所
余昌明, 市人民医院副院长
黄克波, 市人民医院副院长
张志尧, 市人民医院副院长
农工民主党瑞安市支部, 本院
叶家鹤, 市人民医院党总支部书记
郝权武, 市人民医院党总支部副书记
陈诗仁, 共青团瑞医第七届团委书记
吴洁, 副书记
王逊, 市人民医院第八届工会主席
刘金华, 副主席
内科支部, 本院临床支部
外科支部, 本院临床支部
医士、中医士二个专业中专学历自学考试, 增加
我院, 温州医学院教学医院
三层传染病房楼, 1020㎡
职工宿舍楼, 周松路
锅炉房, 132㎡
职工浴室、洗衣房, 291㎡
支气管镜室、多普勒室, 建立
门诊大楼（附急诊科）, 新建面积3652㎡
门诊挂号厅, 70㎡
经济民警小队, 医院
新门诊楼（附急诊科）, 急诊科
内科医师, 固定
床位, 省卫生厅批准核定
职工宿舍, 后垟
专科门诊, 门诊置
门诊大楼, 二届职工代表大会
市人民医院共青团委员会, 团瑞复
林峰, 共青团瑞医第八届团委书记
张建海, 副书记
缪初升, 副书记
瑞医业余党校, 成立
职工政校, 成立
陈扬弟医师, 白求恩式医务工作者
医院制度汇编, 编印
各类工作人员职责, 编印
市人民医院党总支委员会, 同意
郝权武, 市人民医院党总支副书记
叶溱, 市人民医院党总支副书记
人工肾室、康复病房、营养科, 建立
汽车房、总务仓库楼, 建成
叶溱, 本院副院长
医院日常工作, 叶溱
学术委员会、药事管理委员会、爱国卫生运动委员会、仪器管理委员会、规章制度管理委员会、生活福利管理委员会、调解委员会、医疗事故鉴定小组、医疗事故处理小组、医疗质量管理领导小组、公费医疗管理小组、抢救指挥小组、综合治理领导小组、医院感染管理领导小组, 调整
一座260㎡二层传达室、商店、经警办公室楼, 医院原住院部大门及大门东侧的传达室、商店、部分留观病房
党总支下设5个支部, 医院有正式党员96人，预备党员6人
骨伤科康复病房, 建立
总投资2450万元, 面积9762㎡，10层（含地下室一层）综合治疗大楼
内科, 四个病区
科室干部, 部分调整
敏感管理科, 成立
贝克曼CX4生化分析仪, 引进
香港贝克曼仪器有限公司, 检验科副主任王逊
生化仪器技术培训, 检验科副主任王逊
经皮胸膜肺活检, 成功开展
住院医师宿舍楼, 交付使用
政宣科、基建科、质管科、三产办公室, 建立
爱婴医院, 母婴同室
温州市有关组织, 本院制剂室
心脏二尖瓣狭窄球囊扩张术, 外科主治医师孙碎康
全身扫描CT机, 德国西门子公司
支柱, 心脏临时起搏器
惠普HP-1000彩超, 引进美国
红外线仪, 房价
在法国凡赛尔大学作细胞分子研究半年, 赴希腊
医院制剂室, 温州市有关组织
感染管理科, 成立
总滚动排名检查评估, 医院
全身扫描CT机, 德国西门子公司
母婴同室, 爱婴医院
介入治疗, 麻醉科、手术室、放射科、ICU等科室
肾活组织检查、肺功能测定等医疗项目, 开展
院长, 叶溱
院党总支支书记, 叶溱
基建科, 基建从总务科析出
第十四届国际大学结肠和直肠外科学术交流会, 外科主治医师孙碎康
浙江省第四批供应室达标医院, 本院
香港, 检验科副主任王逊
市人民医院离退休支部, 瑞医二届三次职工代表大会
医师, 安支社
黄国长主刀, 上海仁济医院
张建海, 黄国长主刀
戴华, 黄国长主刀
职工个人住房公积金, 职工工资
血液病研究生, 内科
文书档案资料, 医院设兼职人员
职工宿舍拆迁安置与职工集资建房, 第三届职代会主席团扩大会
职工宿舍拆迁, 市虹桥路扩建
房屋产权, 职工宿舍房改
职工个人所得税, 医院
纤维结肠镜检查, 年内
脑血栓的溶栓治疗, 年内
全国城市卫生检查先进单位, 医院荣誉称号
温州市行风建设先进单位, 医院荣誉称号
瑞安市94、95年度文明单位, 医院荣誉称号
市先进党组织, 医院荣誉称号
卫生系统医院管理先进单位, 医院荣誉称号
骨三科, 1996年
后勤服务中心, 1996年
住院区服务台, 1996年
三年继续医学教育, 温州市卫生局
民盟卫生支部, 医院
新洗衣房, 医院
放射科大楼, 上半年
商品房三套, 本院在西门购置商品房三套
农工民主党瑞安市支部, 农工民主党瑞安市支部扩建
张建海, 在上海医师的指导下
戴华卫医师, 在上海医师的指导下
德国西门子磁共振机, 引进
九三学社瑞安市委, 九三学社瑞安市委成立
瑞安医卫支社, 九三学社瑞安市委成立
陈敬安, 市人民医院副院长
高潮, 市人民医院副院长
叶溱, 中共瑞安市人民医院委员会书记
张志尧, 党委副书记
汪永桢, 纪委书记
叶溱, 院长
黄克波, 副院长
高潮, 副院长
陈敬安, 副院长
染色体及细胞源传杂交及其临床应用, 广西医科大学一科研项目
叶家鹤, 染色体及细胞源传杂交及其临床应用
省卫生系统医院质量管理先进单位, 医院荣誉称号
张建海医师, 在上级医师的指导下
1996年度省级医疗质量管理先进单位, 省医疗质量检查组
省医院感染管理中心网络, 我院
张建海医师, 在没有上级医师指导的情况下
微笑服务、创文明病区活动, 妇产科的倡导下
教学领导小组, 医院成立
内、外、妇、儿四大科教研组, 医院成立
质量控制、结构调整, 实行
数字血管减影系统, 美国GE公司购进
惠普彩超, 美国惠普彩超引进
中、基层干部, 重新聘任
审计科, 医院成立
市人民医院和后垟中路规划实施方案协议书, 签订
城关十八家村巾子山路4亩地块, 购进
温州中华医学会, 在我院召开
骨科学会, 在我院召开
中西医结合骨伤科学会第三届学术会议, 在我院召开
中级职称评审委员会, 医院成立
日本岛津生化分析仪, 引进
胰岛素自身免疫性疾病, 卢学勉医师
微创颅内血肿清除术, 张顺开医师
微笑服务、创文明病区活动, 妇产科
教学领导小组, 医院
内、外、妇、儿四大科教研组, 医院
质量控制、结构调整, 医院
数字血管减影系统（DSA）, 美国GE公司
惠普彩超, 美国
中、基层干部, 医院
审计科, 医院
关于《市人民医院和后垟中路规划实施方案协议书》, 签订
城关十八家村巾子山路4亩地块, 购进
午中华医学会、骨科学会、中西医结合骨伤科学会第三届学术会议, 在我院召开
内科楼中心空调安装, 上半年
中级职称评审委员会, 医院
日本岛津生化分析仪, 引进
广场路3套公房, 因广场路拓宽
虹桥路3套拆迁房, 广场路3套公房
内二病区、外一病区, 开始在内二病区、外一病区试行系统化整体护理模式病房
房间膈修补术, 张建海、戴华卫医师主持
德国西门子磁共振机, 引进
九三学社瑞安市委, 九三学社瑞安市委成立
瑞安医卫支社, 同时成立
陈敬安、高潮同志, 市人民医院副院长
汪永桢, 瑞医第十届工会
刘金华, 瑞医第十届工会
林杰, 瑞医第十届工会
黄克波, 本院黄克波、李振勋、张力成
李振勋, 本院黄克波、李振勋、张力成
张力成, 本院黄克波、李振勋、张力成
市人事局, 市编委主持会议
市劳动局, 市编委主持会议
市卫生局, 市编委主持会议
市监察局, 市编委主持会议
刘金华 何德友, 瑞安市卫生局
义兴阳 明兵, 市551工程第二层次人员
张力成, 温州市第2批551工程（拔尖人才）人员
中天集团项目经理吴金元, 医院高层病房大楼施工
浙江中天建设集团有限公司, 医院高层病房大楼施工
浙江华厦建设集团有限公司, 医院高层病房大楼施工
陈积贤, 市卫生局委派
叶溱, 市卫生厅组织
张力成, 中共瑞安市委瑞委
易兴阳, 中共瑞安市委瑞委
高潮, 中共瑞安市委瑞委
卢学勉, 中共瑞安市委瑞委
陈颖异, 中共瑞安市委瑞委
扬国敬, 中共瑞安市委瑞委
余铭, 瑞安市人民医院第十次团员大会
白植峰, 瑞安市人民医院第十次团员大会
叶溱 院长, 党风廉政建设责任制领导小组
叶溱 院长, 医院教育委员会
高潮 副院长, 医院教育委员会
张力成, 市委瑞干任
委员, 中基层干部
副书记, 中基层干部
职能科室干部, 医院
科主任, 医院
护士长, 医院
血液科, 医院
心血管外科主任, 德国
心血管专家, 澳大利亚
塘下镇罗南医院, 我院
心血管专家, 澳大利亚悉尼市利物浦医院
中国神经外科专业委员会上海－瑞安脑外科中心, 中国神经外科委员会
中层干部, 医院
职工, 医院
退休返聘职工, 医院
临时工, 医院
中天建设集团, 浙江省高级人民法院
中共瑞安市人民医院委员会, 党委
中共瑞安市人民医院纪律检查委员会, 纪检委员会
党委书记, 党委
副书记, 党委
纪检书记, 纪检委员会
政宣科, 医院
内分泌科, 医院
肾内科, 医院
专业委员会, 医院
医院院长助理, 医院
肝脏移植中心专家, 浙江大学医学院附属第一医院
中天建设集团, 瑞安市人民医院
医院委员会, 瑞安市人民医院
第二届党委, 瑞安市人民医院委员会
信息科, 医院
计算机中心, 信息科
图书馆, 信息科
统计室, 信息科
病案室, 信息科
档案室, 信息科
省高院, 医院
肾移植手术, 医院
中天建设集团有限公司, 温州市中级人民法院
医院工作报告, 职工代表大会
纪检书记, 医院
张力成院长, 瑞安市人民医院
StadtischeKrankenhauserKrefeldof theFederalRepublicofGermany, 德国克雷费尔德市立医院
潘可平同志, 瑞安市人民医院院长助理
卢学勉, 瑞安市人民医院副院长
金光波, 瑞安市人民医院副院长
章国忠, 瑞安市人民医院副院长
林杰同志, 瑞安市人民医院纪律检查委员会书记
林加豪医师, 新疆和田地区民丰县人民医院副院长
张松泽同志, 瑞安市人民医院党委书记
叶向阳医生, 德国进修
林琳医生, 德国进修
林莉护士, 德国进修
监察室, 瑞安市人民医院
肿瘤综合治疗中心, 瑞安市人民医院
新急诊大楼, 瑞安市人民医院
惠仁医药有限公司, 瑞安市人民医院
党委书记蔡龙瑞, 共青团瑞安市人民医院第十一届委员会书记
副书记徐芳, 共青团瑞安市人民医院第十一届委员会书记
副书记蔡建泽, 共青团瑞安市人民医院第十一届委员会书记
全结肠切除直肠粘膜剥离回肠倒置术治疗结肠多发性息肉, 孙碎康
孙碎康, 医院
脆性X综合征研究进展综述和肿瘤性胸腹水染色体畸变的观察, 叶家鹤
叶家鹤, 医院
友好医院协议, 张力成和潘可平
张力成和潘可平, 医院
温州医学院附属第三医院在奥地利格拉茨医科大学附属Landeskrankenhaus医院, 张雷
张雷, 医院
德国汉堡Endoklinik医院人工骨关节中心, 杨国敬
杨国敬, 医院
德国克雷菲尔德市立医院, 叶向阳，林琳，林莉
叶向阳，林琳，林莉, 医院
克雷菲尔德市立医院助产士和手术室护士, 医院
工会, 党领导
共青团, 党领导
妇联, 党领导
妇幼保健院分会, 工会
红十字分会, 工会
职工代表大会, 工会
妇女联合会, 妇联
团支部, 共青团
医院的历史, 全院历任医生、护士、职工包括千百万患者及其亲属
瑞安市人民医院的建立, 医疗卫生改革大潮
瑞安市人民医院的发展, 经济全球化、科技信息化的机遇
医院的科学发展, 组织、领导及同道们
医院的改革, 两千多医务员工的信任
七十年来众多医卫创业者的贡献, 医院的历史
市委、市府、上级组织对医院的支持, 医院的发展
两千多医务员工对神圣医疗卫生事业的奉献, 医院的发展
下一代医院的发展, 七十年的医院经验
瑞安市人民的信任与支持, 下一代医院的发展
各级党委、政府及卫生行政部门的领导与勉励, 下一代医院的发展
党中央的方针, 下一代医院的发展
开拓创新，争创一流, 医院“十一五”目标
坚持硬件与软件并举的建设方针, 医院“十一五”目标
外延与内涵统筹的发展思路, 医院“十一五”目标
培养与引进结合的人才战略, 医院“十一五”目标
以病人需求为导向，以深化改革为动力, 医院“十一五”目标
以强化管理为抓手，以学科建设为核心, 医院“十一五”目标
瑞安医疗卫生事业发展的龙头医院, 医院“十一五”目标
继续深化医院综合改革, 医院“十一五”目标
提升医院核心竞争力, 医院“十一五”目标
提高医疗服务水平, 医院“十一五”目标
推进学科建设, 医院“十一五”目标
提高科研教育水平, 医院“十一五”目标
全面提高人员整体素质, 医院“十一五”目标
提供人才保障, 医院“十一五”目标
职业规范, 大力强化行风建设
专科特色, 打造与宣传
专家品牌, 打造与宣传
优质服务, 患者至上
医疗质量, 患者至上
打造与宣传, 塑造品牌文化
患者至上, 人文关怀的服务文化
业绩优先, 人本文化
培育人文关怀的服务文化, 人本文化
增强医患沟通, 人文关怀的服务文化
形成具有高尚精神风貌的人本文化, 大力加强文明、和谐创建工作
建立健全院务公开、招标采购、预警提示、监督监察和责任追究等各项规章制度, 大力强化行风建设
医风医德和职业道德教育, 大力强化行风建设
深化思想政治工作, 大力强化行风建设
专项治理, 大力强化行风建设
发挥工会、共青团和妇委会等群众组织和各民主党派、党外人士的作用, 大力加强文明、和谐创建工作
开展文明创建活动, 大力加强文明、和谐创建工作
提高服务技能，改善服务态度, 大力加强文明、和谐创建工作
争当‘明星员工’，争创‘青年文明号’，‘巾帼文明示范岗’，‘诚信医院’，‘文明单位’, 大力加强文明、和谐创建工作
大力加强文明、和谐创建工作, 医院
大力强化行风建设, 医院
浮肿病研究, 瑞安县医学科学研究所
肠原性青紫症研究, 瑞安县医学科学研究所
小球藻研究, 瑞安县医学科学研究所
松毛虫所致骨、关节病研究, 陈仲霖医师
糖尿病性功能障碍流行病学调查, 汪卫平医师
脑损伤患者三维空间结构障碍研究, 医院
复白灵（三阳康泰）配合自然疗法治疗中晚期肝癌患者研究, 医院
智力低下病因探索, 儿科
尿酶测定监测新生儿窒息后肾功能状态的临床意义研究, 儿科
TORCH与先天性畸形关系的研究, 儿科
TORCH与先天性畸形关系的研究, 妇产科
TORCH与先天性畸形关系的研究, 检验科
胃癌CT影像学改变与手术后标本大体病理学分期对照研究, 肿瘤外科
胃癌早期诊断研究, 肿瘤外科
胃癌早期诊断研究, 内科
颅内压监护重型颅脑损伤临床应用研究, 脑外科
急性颈髓损伤的发病机理及治疗方法的研究, 骨科
腰椎间盘突出症手术治疗研究, 骨科
周围神经缺损的治疗与临床研究, 骨科
振兴瑞安市眼镜事业的途径与方法的研究, 眼科
牙病综合防治研究, 口腔科
四肢动脉损伤的临床研究, 张力成医师
腕掌侧严重切割伤的临床研究, 张力成医师
科教兴院、以教促医、以学科建设促进医疗市场办院方针, 浙江省三级乙等医院
科研经费专款专用的规定, 科教科
医院关于科研经费专款专用的规定, 科教科
关于就读在职硕士及博士研究生的有关规定, 科教科
重点学科建设规划组织实施管理制度, 科教科
关于对重点学科建设经费配套规定, 科教科
院级重点学科选拔评分标准, 科教科
科研工作评价方案, 科教科
烧伤创面处理难点突破与机理研究, 烧伤科
1960年, 心电图室
1963年, 心电图室
1966年下半年, 心电图室
1975年, 心电图室
1980年, 心电图室
1991年, 心电图室
1995年, 心电图室
1996年, 心电图室
2003年1月份, 心电图室
2006年, 心电图室
医学院教学工作, 心电图室
本市和周边县培训心电图医师百余人以及新分配本院医师的轮转培训工作, 心电图室
科研方面也初见成效，共发表交流论文10余篇，其中1篇发表在国家级杂志上, 心电图室
心血管内科, 心脏监护病房（CCU）
心血管内科, 主任医师
心血管内科, 副主任医师
心血管内科, 主治医师
心血管内科, 住院医师
心血管内科, 美国GE公司LCV型血管造影机（D.S.A）
心血管内科, 惠普5500心脏彩色多谱勒超声仪
心血管内科, 动态心电图
心血管内科, 活动平板心电图
心血管内科, 动态血压仪
心血管内科, 十二导同步心电机（附心向量）
心血管内科, 起搏－除颤－监护仪
心血管内科, 呼吸机
心血管内科, 临时起搏器
心血管内科, 永久起搏器分析仪
心血管内科, 永久起搏器程控仪
心血管内科, 心电监护仪
心血管内科, 主动脉内球囊反搏仪
心血管内科, 经皮二尖瓣球囊成形术及临时、永久性心脏起搏器植入术
心血管内科, 冠状动脉造影术
心血管内科, 左、右心导管检查
心血管内科, 心脏监护室
心血管内科, 腔内压监测、主动脉瓣内球囊反搏术及射频消融术
心血管内科, 经皮冠状动脉成形术加支架植入术
心血管内科, 全能型心脏起搏器植入及埋藏式起搏－除颤器的植入
心血管内科, 科研课题
心血管内科, 发表论文
发表论文, 一级杂志
发表论文, 二级杂志
心血管内科, 温州医学院学生的带教任务
绿色通道挂号、分诊, 患者
各科诊室, 绿色通道挂号、分诊
检查会诊, 各科诊室
离院 留观 住院 手术 ICU监吸输收取, 检查会诊
护氧液费药危重患者, 离院 留观 住院 手术 ICU监吸输收取
普通患者, 离院 留观 住院 手术 ICU监吸输收取
抢救室120院前抢救, 护氧液费药危重患者
抢救室120院前抢救, 普通患者
1979年前的急诊方式, 我院
夜间急诊, 1979年前的急诊方式
门诊内科医师, 夜间急诊
内科、传染科、儿科的急诊病人, 门诊内科医师
其他科病人直接进入住院部有关科室诊治, 我院
1979年, 我院
住院部门口西首小商店西侧, 1979年
五间小平房及邻对面小儿科病房楼下一大间, 住院部门口西首小商店西侧
急诊室用房, 五间小平房及邻对面小儿科病房楼下一大间
同年组建急诊室, 1979年
急诊室班子, 同年组建急诊室
内科医师与抽调各科护士, 急诊室班子
1984年发展为急诊科, 我院
急诊科, 1984年发展为急诊科
设医师、护士办公室、抢救室、洗胃室、监护室、清创室、输液、注射室, 急诊科
内科、儿科、外科接诊室, 急诊科
1989年迁入门急诊大楼, 急诊科
门急诊大楼, 1989年迁入门急诊大楼
分诊预检台、洗胃室、手术清创室、抢救室、监护室、留观室, 门急诊大楼
内、外、儿、妇、大五官及骨科各诊室, 门急诊大楼
科内设备先进，拥有12台太空实验室中心监护系统、2台除颤监护仪、3台进口呼吸机、1台麻醉机、3台洗胃机及床边X线机等抢救设备, 门急诊大楼
1991年6月起儿科分科急诊, 急诊科
1996年9月起骨科分科急诊, 急诊科
急诊护理站, 1996年9月起骨科分科急诊
1999年1月建立“市交通事故医疗急救中心”, 急诊科
瑞安市公安局交警大队、市中国财产保险公司, 1999年1月建立“市交通事故医疗急救中心”
绿色通道, 瑞安市公安局交警大队、市中国财产保险公司
交通事故中伤员得到及时救治, 绿色通道
罗南卫生院、新华卫生院、阁巷卫生院、碧山卫生院、高楼中心卫生院等急救网络医院, 急诊科
2001年院前急救与122交通事故指挥系统联合共有5辆救护车组成救护网络, 我院
2005年医院兼并市红十字医院, 我院
120急救中心与我院122交通事故医疗急救中心合并, 2005年医院兼并市红十字医院
完整的院前急救，院内急救，危重病监护的一体化治疗体系, 120急救中心与我院122交通事故医疗急救中心合并
急诊科医护人员掌握心肺复苏、气管插管、深静脉置管、有创动脉压监测等抢救技能, 完整的院前急救，院内急救，危重病监护的一体化治疗体系
近年来在国内一级、二级杂志上发表论文数十篇, 完整的院前急救，院内急救，危重病监护的一体化治疗体系
已结题和正在科研中的温州市、瑞安市级课题7项, 完整的院前急救，院内急救，危重病监护的一体化治疗体系
急诊科用房已不适应, 我院
规划中的一幢16层、建筑面积达25000平方米新急诊大楼的建设已在启动, 我院
电工, 总务科
"
(水工", 总务科
"
(木工", 总务科
"
(后勤设备维修", 总务科
"
(制氧中心", 总务科
"
(制冷中心", 总务科
"
(食堂", 总务科
"
(锅炉房", 总务科
"
(被服中心", 总务科
"
(修理组", 总务科
"
(物资仓库", 总务科
"
(基建临时办公室", 总务科
"
(洗衣房", 总务科
"
(院内卫生管理组", 总务科
"
(职工食堂", 总务科
"
(病员食堂", 总务科
"
(设备科", 医院
"
(电话总机室", 总务科
"
(印刷厂", 总务科
"
(膳食科", 医院
"
(基建科", 医院
"
(卫生管理组", 医院
"
(园林管理组", 医院
"
(吸氧中心", 医院
"
(吸引中心", 医院
"
(电梯管理维修组", 医院
"
(担架队", 医院
"
(发电机房", 医院
"
(配电房", 医院
"
(车队", 医院
"
(电梯组", 医院
"
(被服供应中心", 医院
肝穿刺病理活检, 病毒性肝炎、肝硬化的诊治
检验科、病理科等科室, 肝穿刺病理活检
人工肾合作, 人工肝支持系统
内科综合治疗方案, 人工肝支持系统
肝病诊断的金指标，肝活检, 病毒性肝炎、肝硬化的诊治
抗病毒治疗结合个体化的综合治疗方案, 肝硬化的治疗
教学上我科2003年始承担了医学院第三临床学院本科生《传染病学》的教学任务, 感染科
2003年始我科先后引进蚌埠医学院田维铨教授及上海知名专家王均镕教授, 感染科
2006年，我科引进我院首位医学博士, 感染科
科室现有主任医师、教授1名（外聘）、副主任医师2名，主治医师8名, 感染科
近年来我科共申请获批了4项温州市级课题, 感染科
斑疹伤寒, 传染病
流行性脑脊髓膜炎, 传染病
疟疾, 传染病
疹伤寒, 虫媒传染病
狂犬病, 动物源性传染病
肺结核, 呼吸道传染病
肠胃炎, 肠道传染病
药品入库, 半自动化管理
传递, 半自动化管理
分拣, 半自动化管理
上架, 半自动化管理
出库, 半自动化管理
液压搬运车, 现代化物流设备
隔板及托盘货架, 现代化物流设备
CDP系统, 现代化物流设备
电瓶手推装卸车, 现代化物流设备
条码机, 现代化物流设备
紫外线灯, 现代化物流设备
无线接入点, 现代化物流设备
12位数订单显示器, 现代化物流设备
6位数三窗式电子标签, 现代化物流设备
华耀通信息科技, 现代化物流设备
药品购进, 药品经营质量管理规范
验收, 药品经营质量管理规范
储存, 药品经营质量管理规范
养护, 药品经营质量管理规范
出库复核, 药品经营质量管理规范
药品经营质量管理规范, 以质量求生存
以质量求生存, 以创新求发展
质量方针, 采撷精品，惠及人人的经营理念
抓质量, 经营方针
促发展, 经营方针
树品牌, 经营方针
拓市场, 经营方针
合理分析, 搭配品种结构
供货品种数量, 全国25个省市
销售客户, 全国25个省市
销售网络, 温州
销售网络, 瑞安
销售网络, 乐清
销售网络, 苍南
销售网络, 平阳
半自动化管理, 浙江惠仁医药有限公司
现代化物流设备, 浙江惠仁医药有限公司
药品经营质量管理规范, 浙江惠仁医药有限公司
以创新求发展, 浙江惠仁医药有限公司
采撷精品，惠及人人的经营理念, 浙江惠仁医药有限公司
搭配品种结构, 浙江惠仁医药有限公司
全国25个省市, 浙江惠仁医药有限公司
系列城市, 浙江惠仁医药有限公司
浙江惠仁医药有限公司, 瑞安市人民医院
浙江惠仁医药有限公司, 华东医药股份有限公司
洁净手术部, 手术室
护士, 手术室
手术间, 手术室
手术台, 手术间
高频电刀, 手术间
护士长, 护士
中心声像监控系统, 洁净手术部
中心供氧系统, 洁净手术部
室内空气质量监测系统, 洁净手术部
过氧化氢低温等离子灭菌系统, 洁净手术部
全自动清洗系统, 洁净手术部
脉冲物流输送系统, 洁净手术部
蔡司显微镜, 手术室
人工心肺机, 手术室
C臂机, 手术室
CCURUS玻切超乳联合机, 手术室
腔镜器械, 手术室
等离子电切仪, 手术室
手术类型, 手术室
整体护理, 手术室
术前访视, 整体护理
术前接待室, 整体护理
专科分组制, 手术室
非专业技术人员, 手术室
手术创口愈合等级登记制, 手术室
弹性工作制度, 手术室
科研课题, 手术室
护理带教工作, 我院
护理实习生, 护理带教工作
中专护理实习生, 护理带教工作
温州医学院, 护理带教工作
绍兴文理学院, 护理带教工作
嘉兴学院医学院, 护理带教工作
护理大专实习生, 护理带教工作
温州医学院附属第三医院, 我院
本科实习生, 温州医学院附属第三医院
护理本科见习生, 温州医学院附属第三医院
护理进修学习任务, 我院
护理教研室, 我院
第三临床学院, 我院
师资队伍建设, 护理教研室
带教老师职责, 师资队伍建设
护理师资队伍, 师资队伍建设
师资培训, 师资队伍建设
护士实习生, 我院
新增护理带教老师考核制度, 师资队伍建设
学生管理工作, 护理教研室
实习岗前培训, 学生管理工作
学生座谈会, 学生管理工作
教师座谈会, 学生管理工作
职业道德教育, 学生管理工作
全员教育活动, 职业道德教育
护理教学质控工作, 护理教研室
护理大课, 护理教学质控工作
科室护理带教质量, 护理教学质控工作
教学质量检查, 护理教学质控工作
护理带教安全医疗工作, 护理教研室
安全医疗教育, 护理带教安全医疗工作
教学学术交流活动, 护理教研室
教学模式改革, 护理教研室
护理技术, 第四节护理技术
煮沸消毒法, 护理技术
小儿头皮静脉穿刺输液, 护理技术
供应室, 医院
高压蒸汽灭菌, 护理技术
股静脉穿刺采血术, 护理技术
护理工作, 医院
头皮静脉, 儿科病房
护理新技术, 护理工作
颈外静脉穿刺, 护理新技术
股静脉穿刺置管输液, 护理新技术
断肢、断指再植术的护理, 护理新技术
高血压脑卒中开颅术的护理, 护理新技术
小儿麻痹症肢体延长术的护理, 护理新技术
血液透析室, 医院
血液透析, 护理新技术
腹水直接回收术的护理, 护理新技术
同种异体肾移植术的护理, 护理新技术
监护中心, 医院
深静脉穿刺, 护理新技术
人工全膝关节置换术后自体引流血回输, 护理新技术
颈外静脉穿刺, 护理新技术
股静脉穿刺置管输液, 护理新技术
脑卒中开颅术的护理, 护理新技术
小儿麻痹症肢体延长术的护理, 护理新技术
血液透析, 护理新技术
腹水直接回收术的护理, 护理新技术
同种异体肾移植术的护理, 护理新技术
心脏手术, 护理新技术
人工全膝关节置换术后自体引流血回输, 护理新技术
宫腔镜下子宫切除术护理, 护理新技术
右心转流离心泵的使用, 护理新技术
人工肝, 护理新技术
尿石排石治疗仪的应用, 护理新技术
Gr-型高氧医用液体治疗, 护理新技术
锅炉爆炸事件, 医院
肝移植术, 医院
心脏移植术, 医院
PICC置管新技术, 护理新技术
肺减压术的围手术期护理, 护理新技术
早产儿极低体重儿鼻饲微泵持续喂饲, 护理新技术
手臂血糖监测无痛技术, 护理新技术
腹腔镜下子宫全切除术配合, 护理新技术
烧伤病人浸浴治疗术的开展, 护理新技术
低细胞期的化疗患者提供保护性隔离装置, 护理新技术
护士的技能训练, 护理部
护理服务理念, 护理部
心理护理, 护理服务理念
护理教育, 1937年医院创建时
1937年医院创建时, 护士4人
1937年医院创建时, 护理练习生4人
护理教育, 1949年
1949年, 向社会招收了一批初中文化程度的学员
护理教育, 1951年开始
1951年开始, 温州卫生学校护理专业毕业生陆续分配到医院
护理教育, 1952年温州专署卫生局委托我院
1952年温州专署卫生局委托我院, 向社会招收学员40名
护理教育, 1974年至1976年受温州卫生学校委托代培
1974年至1976年受温州卫生学校委托代培, 20名上山下乡知识青年上调的护士班
护理教育, 1975年至1977年为温州卫生学校代培护理专业学生20名
护理教育, 1977年全国中高等招生考试制度恢复
1977年全国中高等招生考试制度恢复, 1978年温州卫生学校首批经过考试入学的20名护理专业学生在我院代培
护理教育, 1979年由劳动局主办的瑞安技工学校
1979年由劳动局主办的瑞安技工学校, 招收40名护理员
护理教育, 1981年招收24人
1981年招收24人, 经过3个月护理知识培训
护理教育, 1984年医院又招工20多人
1984年医院又招工20多人, 其中18人经过7个月护理知识培训
护理教育, 八十年代初期
八十年代初期, 护理部通过组织护士业务学习
护理教育, 九十年代初期
九十年代初期, 全国高等护理教育的恢复
九十年代初期, 我院护士积极报名参加护理大专自学考试和护理大专成人考试
护理教育, 2001年医院首次招聘录用护理大专毕业生2人
护理教育, 2003年医院首次招聘录用护理本科毕业生2人
护理教育, 护理部狠抓护士在职培训
护理教育, 1996年
1996年, 全院护士长分批至浙江省人民医院对口学习护理管理
护理教育, 1997年邀请省护理专家来院作整体护理知识专题讲座
护理教育, 2001年至今
2001年至今, 护理部狠抓低年资护士的规范化培训
护理教育, 派出37名护理骨干至北京、上海、杭州等上级医院进修深造专科护理
派出37名护理骨干至北京、上海、杭州等上级医院进修深造专科护理, 首次派出1名护士跨出国门至德国克雷菲尔德医院短期进修手术室护理
护理教育, 至2006底
至2006底, 全院护士596人
护理科研, 护理人员
护理论文的撰写, 护理科研
护理论文, 护理论文的撰写
人工股骨头置换术的护理配合, 护理论文
实施护理安全管理总体规划以降低护理缺陷发生率的尝试, 护理论文
科研意识, 护理人员
科研兴趣, 科研意识
CHKD期刊全文数据库, 护理论文
高压氧治疗脑梗塞并发吞咽功能丧失20例, CHKD期刊全文数据库
护理学历, 护理人员
护士外出学习培训深造, 护理学历
发现和积累临床护理工作中的问题和经验, 护士外出学习培训深造
参与护理课题的研究和护理论文的撰写, 发现和积累临床护理工作中的问题和经验
多部位医院感染123例分析, 参与护理课题的研究和护理论文的撰写
现代化消毒供应中心质控管理, 参与护理课题的研究和护理论文的撰写
基层医院重症监护病房的医院感染特点及其对策, 参与护理课题的研究和护理论文的撰写
护理课题的申报, 护理人员
基层医院“医院感染”及其对策与研究, 护理课题的申报
护理部, 医院
院长, 医院
护理部职能, 护理部
院长对护理工作实施领导和指挥的参谋机构, 护理部
护士长, 护理部
护士, 护士长
护理练习生, 护士长
科室护理负责人, 总护士长
副总护士长, 总护士长
护理部主任负责制, 护理部主任
护理工作计划, 护理部主任
护士长, 护理部主任
护师, 护士
护士长, 护师
护理员, 护士
护士长, 护理部主任
护理部主任, 护士长
护理质量管理, 护理部主任
护理单元, 主任护师
病区护士长, 主任护师
护理部引进整体护理模式, 护理部
护士, 整体护理模式
健康教育, 护士
护理部主任和护士长岗位实行竞争上岗, 护理部主任
护士长, 护理部主任和护士长岗位实行竞争上岗
护理部主任, 护士长
副主任, 护理部主任
护士长, 护理部主任
护士, 护士长
护理员, 护士
病员住院规则, 护理管理制度
陪人探视规则, 护理管理制度
病员出入院规则, 护理管理制度
护理查房制度, 护理管理制度
护士交接班制度, 护理管理制度
查对制度, 护理管理制度
分级护理制度, 护理管理制度
抢救工作制度, 护理管理制度
消毒隔离制度, 护理管理制度
物品药品器材管理制度, 护理管理制度
差错事故登记制度, 护理管理制度
饮食管理制度, 护理管理制度
护理质量管理, 科学管理水平
责任制护理模式, 护理工作模式
整体护理模式, 护理工作模式
护理质控组织, 护理部
危重病人护理质控小组, 护理质控组织
护理书写质控小组, 护理质控组织
护理操作质控小组, 护理质控组织
消毒隔离质控小组, 护理质控组织
病房管理质控小组, 护理质控组织
护理质量管理委员会, 护理组织管理体系
护理安全管理委员会, 护理组织管理体系
护理教育科研委员会, 护理组织管理体系
护理会诊委员会, 护理组织管理体系
护理操作质控小组, 护理质量管理委员会
护理病历书写质控小组, 护理质量管理委员会
危重病人护理小组, 护理质量管理委员会
消毒隔离质控小组, 护理质量管理委员会
临床护理质控小组, 护理质量管理委员会
健康教育质控小组, 护理质量管理委员会
护理安全管理小组, 护理安全管理委员会
护理纠纷处理小组, 护理安全管理委员会
在职培训管理小组, 护理教育科研委员会
护理科研管理小组, 护理教育科研委员会
危重病人会诊小组, 护理会诊委员会
压疮防治会诊小组, 护理会诊委员会
深静脉穿刺会诊小组, 护理会诊委员会
护理病历书写三级质控网络, 护理病历书写质控小组
临床护理管理规范, 护理部
美国产毕而斯30mA旧X线诊断机, 放射影像科
沪产200mAX线诊断机一部, 放射影像科
二手德国西门子公司200mA电视X线诊断机, 放射影像科
二手美国通用电器公司8800全身CT机, 放射影像科
德国西门子公司SOMATOMA-ARTCT诊断机, 放射影像科
德国西门子公司MAGNETOM-OPEN磁共振成像仪, 放射影像科
美国通用电器公司LCV型DSA机, 放射影像科
MACONIMX8000四层螺旋CT机一台, 放射影像科
AGFACR系统, 放射影像科
荷兰PHILIPS数字胃肠造影机一台, 放射影像科
荷兰PHILIPS数字DR摄片机, 放射影像科
美国KODAK多板数字DR摄片机, 放射影像科
SIEMENSSENSATION16层螺旋CT机, 放射影像科
SIEMENSAVONTTIM1.5TMRI仪, 放射影像科
SIEMENS钼靶乳腺摄片机一台, 放射影像科
PHILIPSX线摄片机, 放射影像科
透视机, 放射影像科
60mA, 放射影像科
200mA2台, 放射影像科
400mA2台X线诊断机, 放射影像科
30mA钼靶一台, 放射影像科
800mA摄片机, 放射影像科
高压注射器, 放射影像科
快速换片机, 放射影像科
协同神经外科开展颅内血肿定位抽吸术, 放射影像科
AGFACR机二台, 放射影像科
麻醉机, 放射影像科
起搏－除颤仪, 放射影像科
心电监护仪, 放射影像科
多台高压注射器, 放射影像科
ATD血栓消融器, 放射影像科
INFINIT全院级PACS一套, 放射影像科
科研方面近年已承担的课题, 放射影像科
介入治疗, 放射影像科
设立介入病房和介入专科门诊, 放射影像科
血管性病变和肿瘤介入手术, 放射影像科
SectionsInSENSATION16层螺旋CT机安装运行, 放射影像科
SIEMENSAVONTTIM1.5TMRI仪安装运行, 放射影像科
全院级PACS系统实施并成功运行, 放射影像科
1993年医院建立大事记制度, 文书档案
1950年建立文书档案, 档案管理
1995年，设兼职人员开始重新收集、整理历史遗留下来文字资料, 文书档案
1998年建立综合档案室, 档案管理
医院成立了档案管理领导小组, 档案管理
建立了各科室档案员组织网络, 档案管理领导小组
派员外出进修学习档案管理知识, 档案管理领导小组
组织本院档案员档案管理知识培训, 档案管理领导小组
添置档案管理硬件设施, 档案管理领导小组
医院档案主要保管有关我院各项活动中形成的具有保存价值的文字资料、声象资料及实物和部分上级指导性、依据性文件材料, 档案管理
分党政类、医疗技术类、个人专业技术类、科研教学类、基建类、设备仪器类、财会类、特种载体类、病历档案九大类保管, 档案管理
1950年~1992年共有216巻移交瑞安市档案馆保存, 文书档案
本院档案室主要保存1993年以来的档案资料, 档案管理
病案由病案室自行管理, 档案管理
该巻宗是反映我院开展各项主要职能活动、政治活动、工作情况和经济往来的原始记录, 档案管理
反映了我院对党的路线、方针、政策的执行情况及我院发展壮大的历史足迹, 档案管理
化验人员, 检验科
器械设备, 检验科
中心实验室, 检验科
血库, 检验科
输血科, 检验科
门诊化验室, 检验科
急诊化验室, 检验科
临检实验室, 检验科
生化实验室, 检验科
免疫实验室, 检验科
核医学实验室, 检验科
微生物实验室, 检验科
HIV初筛实验室, 检验科
PCR实验室, 检验科
中心实验室, 检验科
基因实验室, 检验科
医疗队吴果诚教授, 温州
乙肝表面抗原, 肿瘤标志物的检测
甲胎蛋白, 肿瘤标志物的检测
肿瘤标志物的检测, 检验科
临床实验诊断学硕士, 科室人才培养
科室人才培养, 检验科
美国贝克曼自动生化分析仪, 全套生化检验
全套生化检验, 检验科
自动化检验仪器, 检验科
第一章概述, 与飞云江共奔腾
第一节弹指七十载, 风流数今朝
瑞安市人民医院历史概述, 第一节弹指七十载
瑞安市人民医院, 瑞安市人民医院历史概述
历史溯源, 瑞安市人民医院
1937年创建, 历史溯源
抗战救亡岁月, 1937年创建
社会主义革命, 抗战救亡岁月
建设时期和改革开放新时期, 社会主义革命
1949年瑞安解放, 建设时期和改革开放新时期
1950年改名瑞安县人民政府卫生院, 1949年瑞安解放
十年浩劫, 1950年改名瑞安县人民政府卫生院
1966年无产阶级文化大革命, 十年浩劫
改革开放20年, 1966年无产阶级文化大革命
1983年医院由省卫生厅定为二级医院, 改革开放20年
1987年撤县建市改称瑞安市人民医院, 1983年医院由省卫生厅定为二级医院
1991年医院通过省卫生厅二级甲等医院评审, 1987年撤县建市改称瑞安市人民医院
步入新世纪, 1991年医院通过省卫生厅二级甲等医院评审
2000年医院通过国家三级乙等综合性医院评审, 步入新世纪
2004年通过教育部本科教学评估, 2000年医院通过国家三级乙等综合性医院评审
2005年三级乙等医院复评, 2004年通过教育部本科教学评估
2003年成功兼并瑞安市妇幼保健院, 2005年三级乙等医院复评
2005年成功兼并瑞安市红十字医院, 2003年成功兼并瑞安市妇幼保健院
2006年浙江惠仁医药有限公司开业, 2005年成功兼并瑞安市红十字医院
放眼未来, 2006年浙江惠仁医药有限公司开业
2006年医院在职职工1378人, 放眼未来
2006年年门诊量1082736人次, 2006年医院在职职工1378人
历史是公正的, 2006年年门诊量1082736人次
弹指七十载，风流数今朝, 第一章概述——与飞云江共奔腾
瑞安市人民医院历史概述, 第一章概述——与飞云江共奔腾
历史溯源:利世济人，造福桑梓, 瑞安市人民医院历史概述
1937年（民国廿六年）10月，由县长甘家馨倡议，举贤马屿江溪人洪天遂氏于县城西岘山东麓卫房宫（现瑞安戏院）创办了瑞安县立医院。, 历史溯源:利世济人，造福桑梓
十年浩劫：陷入困境，共渡难关, 瑞安市人民医院历史概述
1966年，一场“无产阶级文化大革命”的风暴席卷全国，瑞安市人民医院当然不能幸免，医院管理和医疗工作受到干扰。, 十年浩劫：陷入困境，共渡难关
改革开放20年：励精图治，锐意创新, 瑞安市人民医院历史概述
1983年，医院由省卫生厅定为二级医院。, 改革开放20年：励精图治，锐意创新
步入新世纪：跨越发展承前启后, 瑞安市人民医院历史概述
2000年医院通过国家三级乙等综合性医院评审，同年被授予温州医学院附属第三医院，温州医学院第三临床医学院。, 步入新世纪：跨越发展承前启后
放眼未来：而今迈步从头越, 瑞安市人民医院历史概述
七十年世事沧桑，几代人励精图治，才有了今天瑞安市人民医院的骄傲。, 放眼未来：而今迈步从头越
历史是公正的。人们永远不会忘记为瑞安市人民医院的发展付出过心血和汗水的先行者和后来人。, 瑞安市人民医院历史概述
医药卫生界高中级知识分子, 中国农工民主党
瑞安市人民医院支部, 中国农工民主党
农工党瑞安市第一届支部委员会, 农工党瑞安市人民医院支部
农工党瑞安市总支委员会, 农工党瑞安市支部委员会
农工党瑞医各支部, 农工党温州市委会
九三学社医卫支社, 九三学社
中国民主同盟瑞安卫生支部, 中国民主同盟
中国民政团同盟, 中国民主同盟
民盟瑞安支部, 中国民主同盟瑞安总支部
民盟瑞安市委员会, 民盟瑞安支部
民盟瑞安卫生支部, 民盟瑞安市委员会
中国民主促进会, 其它民主党派
中国民主建国会, 其它民主党派
中国国民党革命委员会, 其它民主党派
泌尿外科, 我院
外科医师, 泌尿外科
泌尿外科专业组, 我院
碎石室, 泌尿外科
尿动力室, 泌尿外科
膀胱镜室, 泌尿外科
男科门诊, 泌尿外科
专家门诊, 泌尿外科
前列腺增生症, 泌尿外科
泌尿系结石专病门诊, 泌尿外科
普通门诊, 泌尿外科
医学论文, 泌尿外科
科研课题, 泌尿外科
多尼尔小王子碎石机, 碎石室
Lanburin尿动力检查仪, 尿动力室
整套的Wolf膀胱镜, 膀胱镜室
Stozi输尿管镜, 膀胱镜室
腹腔镜手术器械, 泌尿外科
小切口手术器械, 泌尿外科
生物反馈治疗仪, 泌尿外科
小儿腹股沟肾外肾母细胞瘤一例, 医学论文
小切口无气腹膜后腔镜手术在泌尿外科的临床意义, 科研课题
耻骨上细针穿刺弹道碎石治疗膀胱结石, 科研课题
消化内科, 消化内科1981年
消化内科1981年, 1981年与肿瘤内科合组成一个病区
1981年与肿瘤内科合组成一个病区, 共有床位44张
1981年与肿瘤内科合组成一个病区, 1982月建立胃镜室
消化内科1981年, 1990年设立门诊消化内科专科
1990年设立门诊消化内科专科, 2004年6月迁入24层新住院大楼
消化内科1981年, 2005年9月
2005年9月, 医院肿瘤综合治疗中心成立
医院肿瘤综合治疗中心成立, 肿瘤内科从消化内科分出
肿瘤内科从消化内科分出, 消化内科成为相对独立的科室
消化内科成为相对独立的科室, 2006年4月成立消化内镜中心
消化内科, 学科建设发展很快
学科建设发展很快, 现有专科门诊、病房、和消化内镜中心
现有专科门诊、病房、和消化内镜中心, 有临床医生14人
有临床医生14人, 其中主任医师1人
其中主任医师1人, 副主任医师3人
副主任医师3人, 主治医师5人
主治医师5人, 硕士2人
硕士2人, 在职研究生2人
消化内科, 共承担各类科研课题4项
共承担各类科研课题4项, 《胃病胃镜活检后凝血、抗凝及纤溶系统变化的研究》
《胃病胃镜活检后凝血、抗凝及纤溶系统变化的研究》, 《探讨血清IGF-Ⅱ变化与原发性肝癌介入治疗后疗效、复发和转移的关系》
消化内科, 消化内镜中心的前身是胃镜室
消化内镜中心的前身是胃镜室, 率先引进的是纤维胃镜
消化内镜中心, 本科室紧跟医学发展前沿，引进电子胃肠镜
本科室紧跟医学发展前沿，引进电子胃肠镜, 现拥有国内、外一流各种内镜
现拥有国内、外一流各种内镜, Olnpus电子胃镜
Olnpus电子胃镜, 电子肠镜
电子肠镜, 电子十二指肠镜主机4台
电子十二指肠镜主机4台, 开展的内科治疗项目有：食道静脉曲张破裂出血的硬化治疗
开展的内科治疗项目有：食道静脉曲张破裂出血的硬化治疗, 急诊内镜止血术
急诊内镜止血术, 钳夹止血
钳夹止血, 胃肠息肉切除术
胃肠息肉切除术, 逆行胰道管造影（ERCP）
逆行胰道管造影（ERCP）, 乳头肌切开术（EST）和胆胰管取石、扩张、支架置入术
乳头肌切开术（EST）和胆胰管取石、扩张、支架置入术, 食管良、恶性狭窄扩张术及支架置入术和内镜下胃食管癌的局部注射化疗药物等
消化内科, 内镜诊疗量逐年增加
内镜诊疗量逐年增加, 2005年以来内镜年诊治量超过两万人次
护士采用煮沸消毒或浸泡消毒等方法, 1957年前医院没有专门的消毒室
消毒员1人, 消毒供应室
卧式高压蒸汽灭菌器, 1958年
消毒供应中心的规模, 医院不断发展
消毒供应中心的布局设计和流程, 2004年8月
污染回收→污染分类→清洗消毒→制备包装→灭菌→监测→储存→发送, 消毒供应中心的流程
清洗消毒器3台，灭菌器3台，干燥箱1台，封口机1台, 中心配置
环氧乙烷气体灭菌器1台, 美国产
预真空压力蒸汽灭菌器3台，下排气压力蒸汽灭菌器1台, 国产
医用封闭下送车、下收车，无菌存放架, 另外还有
主管护师5人、护士2人、护理员2人、消毒员3人、工友5人, 现共有人员18人
质量检测标准, 管理要求
各种器械、备品的性能，消毒方法, 熟悉
供应物品的适用和绝对无菌，确保医疗安全, 要求
全院无菌物品下收、下送, 为了防止院内感染和减轻临床一线的工作压力
呼吸机管路、湿化瓶、压脉带等原来由各科室自行消毒灭菌的物品全部归中心统一清洗、消毒、干燥、保存和发送, 2004年后
回收后统一消毒、毁形处理, 一次性医疗物品
纸塑包装袋包装医用物品灭菌后有效期的研究, 温州卫生局科研课题
普外科医生, 普外病房
普外病房, 烧伤科
烧伤专科医生, 烧伤科
抢救床, 烧伤科
浸浴室, 烧伤科
监护和治疗设备, 烧伤科
早期大面积烧伤切、削痂手术, 烧伤科
烧伤晚期功能重建的各项手术, 烧伤科
特重度烧伤的救治技术, 烧伤科
立项课题, 烧伤科
科研成果, 烧伤科
新型实用专利, 烧伤科
全国性的烧伤专题会, 烧伤科
烧伤科, 温州医学院
烧伤科, 瑞金医院
烧伤科, 中华医学会烧伤外科分会
心电图室, 特检科
A超室, 特检科
M型超声心动图室, 特检科
胃镜室, 特检科
脑电图室, 特检科
B超室, 特检科
脑多普勒室, 特检科
肺功能室, 特检科
乳腺红外线室, 特检科
纤维结肠镜及直肠镜室, 特检科
纤维支气管镜室, 特检科
肌电图室, 特检科
骨密度室, 特检科
尿动力室, 特检科
超声影像科, 特检科
消化内镜中心, 特检科
心电图室, 特检科
肺功能室, 呼吸科
支纤镜室, 呼吸科
医师（士）2人, 理疗室
直交流感应电疗, 理疗室
音频电疗, 理疗室
红外线, 理疗室
超短波, 理疗室
超声波, 理疗室
微波, 理疗室
低周波, 理疗室
TDP特定电磁波治疗仪, 理疗室
离子透入治疗, 理疗室
蜡疗, 理疗室
冷冻技术, 理疗室
理疗床8张, 理疗室
电脑专家治疗器2台, 理疗室
德国产负压中频治疗器1台, 理疗室
梅氏蒸疗器中药熏蒸疗法, 理疗室
总支书记, 李牧耕
"
(总支副书记", 叶山仰
"
(总支书记", 贾世铭
"
(总支副书记", 叶山仰
"
(总支书记", 叶山仰
"
(总支副书记", 郝权武
"
(总支书记", 叶家鹤
"
(总支副书记", 郝权武
"
(总支书记", 叶溱
"
(总支副书记", 汪永桢
"
(党委书记", 叶溱
"
(党委副书记", 张志尧
"
(党委副书记", 张力成
"
(纪检书记", 汪永桢
"
(党委书记", 叶溱
"
(党委副书记", 张力成
"
(纪检书记", 叶玲玲
"
(党委书记", 王庆秋
"
(党委副书记", 张力成
"
(纪检书记", 叶玲玲
"
(纪检书记", 林杰
"
(党委书记", 张松泽
"
(党委副书记", 张力成
"
(纪检书记", 林杰
洪天遂, 瑞安市人民医院
黄裕光, 瑞安市人民医院
何埒修, 瑞安市人民医院
伍普文, 瑞安市人民医院
王汉青, 瑞安市人民医院
薛澄冰, 瑞安市人民医院
管辅州, 瑞安市人民医院
朱玉树, 瑞安市人民医院
王湘衡, 瑞安市人民医院
王时望, 瑞安市人民医院
仇德卷, 瑞安市人民医院
栁国文, 瑞安市人民医院
项棣荪, 瑞安市人民医院
陈仲霖, 瑞安市人民医院
奚业铭, 瑞安市人民医院
金时枢, 瑞安市人民医院
陈文, 瑞安市人民医院
何尔儒, 瑞安市人民医院
马希平, 瑞安市人民医院
孟飞, 瑞安市人民医院
孙书文, 瑞安市人民医院
潘素萍, 瑞安市人民医院
林顺来, 瑞安市人民医院
刘炳发, 瑞安市人民医院
王笃君, 瑞安市人民医院
叶山仰, 瑞安市人民医院
文唯成, 瑞安市人民医院
叶尧生, 瑞安市人民医院
曾昌洪, 瑞安市人民医院
叶家鹤, 瑞安市人民医院
陈永康, 瑞安市人民医院
郝权武, 瑞安市人民医院
林金菊, 瑞安市人民医院
余昌明, 瑞安市人民医院
张志尧, 瑞安市人民医院
黄克波, 瑞安市人民医院
高潮, 瑞安市人民医院
陈敬安, 瑞安市人民医院
李振勋, 瑞安市人民医院
张力成, 瑞安市人民医院
金丽珍, 瑞安市人民医院
蔡锋泉, 瑞安市人民医院
卢学勉, 瑞安市人民医院
金光波, 瑞安市人民医院
章国忠, 瑞安市人民医院
潘可平, 瑞安市人民医院
档案室, 党办
信息科, 党办
车队, 院办
图书馆, 院办
学术委员会, 院办
宣传科, 院办
文印室, 院办
教育委员会, 院办
质管科病案统计室, 职能科室
医疗质量管理委员会, 职能科室
医务科, 职能科室
医院感染管理科, 医务科
医疗安全管理委员会, 医务科
投诉办公室, 医务科
药事管理委员会, 医务科
保健科, 医务科
输血管理委员会, 保健科
各临床、医技科室, 医务科
感染管理委员会, 各临床、医技科室
门急诊护理, 护理部
规章制度管理委员会, 护理部
病区护理, 护理部
抢救领导小组, 护理部
消毒供应中心, 护理部
孕产妇抢救小组, 护理部
门诊部, 院
急诊科, 门诊部
科研管理领导小组, 门诊部
医 科教科, 院
健康教育领导小组, 院
人力资源部, 院
继续教育领导小组, 人力资源部
门诊收费处, 院
计划生育领导小组, 门诊收费处
财务科, 院
住院收费处物价管理, 财务科
中医管理小组, 住院收费处物价管理
会计室, 财务科
经济核算, 会计室
传染病疫情管理小组, 经济核算
总务科（详见另表）, 财务科
基建财务, 总务科（详见另表）
抗生素使用领导小组, 基建财务
基建科, 总务科（详见另表）
药物不良反应监测小组, 基建科
制剂质量管理小组, 基建科
设备维修, 设备物资科
创安暨综合治理领导小组, 设备维修
设备物资科, 总务科（详见另表）
消防三级管理网络, 设备物资科
物资管理, 设备物资科
精神文明建设领导小组, 物资管理
行风建设领导小组, 物资管理
经警, 保卫科
纪检监察信访协调小组, 经警
保卫科, 院
消防, 保卫科
院务公开领导小组, 消防
门卫, 保卫科
成本核算领导小组, 门卫
各种管理委员会（领导小组）, 院
费用管理小组, 各种管理委员会（领导小组）
内科教研室, 温州医学院
医院信息管理小组, 内科教研室
外科教研室, 温州医学院
档案管理领导小组, 外科教研室
儿科教研室, 温州医学院
院报编辑部, 儿科教研室
温州医学院, 第三临床学院教育委员会办公室
妇产科教研室, 温州医学院
大五官教研室, 妇产科教研室
护理教研室, 温州医学院
影像教研室, 护理教研室
药学教研室, 温州医学院
检验教研室, 药学教研室
妇产科分院, 温州医学院
红十字分院, 妇产科分院
门急诊科室, 瑞安市人民医院
普通外科, 门急诊科室
肝胆外科, 普通内科
神经内科, 内科
胆道内镜专科, 内科
消化内科, 内科
神经外科, 消化内科
呼吸内科, 临床
胸心外科, 呼吸内科
内分泌科, 临床
泌尿外科, 内分泌科
肾内科, 内分泌科
肿瘤外科, 肾内科
血液内科, 内分泌科
疼痛门诊, 血液内科
心血管专科, 血液内科
整容外科, 心血管专科
高血压专科, 心血管专科
疑难杂症, 高血压专科
西药房, 疑难杂症
老年专科, 高血压专科
乳房外科, 老年专科
中药房, 乳房外科
精神心理专科, 老年专科
血管外科, 精神心理专科
检验科, 血管外科
失眠专科, 精神心理专科
甲状腺专科, 失眠专科
B超室, 甲状腺专科
肿瘤内科, 甲状腺专科
肛肠科, 肿瘤内科
心电图室, 肛肠科
肝病专科, 肿瘤内科
男性科, 肝病专科
肌电图室, 男性科
介入专科, 肿瘤内科
骨科, 介入专科
脑电图室, 骨科
营养咨询专科, 介入专科
关节外科, 营养咨询专科
多普勒室, 关节外科
外科, 多普勒室
手外科, 外科
红外线室, 手外科
手术室, 红外线室
脊柱外科, 手术室
尿动力室, 脊柱外科
换药处置室, 尿动力室
骨密度室, 换药处置室
医技, 换药处置室
胃镜、肠镜室, 医技
门, 胃镜、肠镜室
产前门诊, 门
纤支镜室, 产前门诊
急, 纤支镜室
妇科门诊, 急
120急救中心：调度、车队、院前医生, 妇科门诊
诊, 120急救中心：调度、车队、院前医生
内分泌生殖专科, 诊
诊室（内、外、儿）, 内分泌生殖专科
妇产科, 诊室（内、外、儿）
腔镜门诊, 妇产科
洗胃室, 腔镜门诊
计划生育, 妇产科
清创室, 计划生育
宫颈疾病专科, 计划生育
院内抢救, 宫颈疾病专科
手术室, 院内抢救
高危妊娠门诊, 宫颈疾病专科
抢救室, 高危妊娠门诊
急诊科, 抢救室
留观室, 急诊科
普通儿科, 留观室
监护室, 普通儿科
儿童保健, 监护室
辅助科室：药房、化验、收费, 儿童保健
儿科, 辅助科室：药房、化验、收费
小儿神经专科, 儿科
中医妇科专科, 小儿神经专科
小儿心血管专科, 儿科
中医神经专科, 小儿心血管专科
理疗室, 中医神经专科
小儿遗传代谢专科, 儿科
小儿中医专科, 小儿遗传代谢专科
小儿内分泌专科, 小儿中医专科
中医肿瘤专科, 小儿内分泌专科
碎石室, 中医肿瘤专科
小儿消化专科, 碎石室
中医正骨专科, 小儿消化专科
小儿哮喘专科, 中医正骨专科
中医男性科, 小儿哮喘专科
中医科, 中医男性科
针灸、推拿、小针刀, 中医科
皮肤科：皮肤性病、皮肤激光专科, 针灸、推拿、小针刀
骨伤科, 皮肤科：皮肤性病、皮肤激光专科
眼科：斜弱视专科、眼底病专科、低视力专科, 骨伤科
耳鼻咽喉科：鼻内镜、听力专科, 眼科：斜弱视专科、眼底病专科、低视力专科
口腔科：口外专科、修复专科, 耳鼻咽喉科：鼻内镜、听力专科
美容激光科, 口腔科：口外专科、修复专科
感染科：肝炎门诊、呼吸道门诊、肠道门诊, 美容激光科
方便门诊, 感染科：肝炎门诊、呼吸道门诊、肠道门诊
注射、输液室：肝炎输液室、肠道输液室, 方便门诊
门诊部办公室, 注射、输液室：肝炎输液室、肠道输液室
一站式服务中心, 门诊部办公室
其他, 门诊部办公室
发热预检处、各楼层收费挂号处, 其他
卫生统计报表, 卫生统计工作
门诊, 卫生统计报表
住院, 卫生统计报表
辅助医疗科, 卫生统计报表
健康体检, 卫生统计报表
妇幼保健, 卫生统计报表
预防接种, 卫生统计报表
疾病分类, 卫生统计报表
医疗事故报告, 卫生统计报表
病案统计室, 卫生统计工作
统计台账, 病案统计室
统计分析, 病案统计室
医院医疗业务简况, 病案统计室
病案管理, 病案统计室
收集、整理、分类和归档入库工作, 病案管理
病人姓名汉语拼音索引, 病案管理
疾病分类索引, 病案管理
计划生育登记, 病案管理
病案柜保管病案, 病案管理
卫生部颁发的《医疗机构病历管理规定》, 病案管理
计算机管理, 病案统计室
门诊工作情况报表, 计算机管理
医技情况报表, 计算机管理
住院工作情况报表, 计算机管理
手术工作情况报表, 计算机管理
医疗质量指标汇总, 计算机管理
病种住院医疗费用报表, 计算机管理
国际疾病分类（ICD-9）进行统计, 计算机管理
国际疾病分类第十次修订版, 计算机管理
病案统计人员, 病案统计室
专科医师, 病理科
主任医师, 病理科
主治医师, 病理科
住院医师, 病理科
技师, 病理科
技士, 病理科
MICROMHM560冰冻之星切片机, 病理科
LEICACM1900冰冻切片机, 病理科
AS350常规切片机, 病理科
半自动切片机, 病理科
SHANDON全自动脱水机, 病理科
HVSTCENER2包埋机, 病理科
ZELSSLR66238高清晰度显微镜, 病理科
OLYMPUSBX41显微镜, 病理科
OLYMPUSCH20显微镜, 病理科
HPIAS-1000H彩色病理图文分析系统, 病理科
医学微波炉, 病理科
瑞安市病理质控中心, 病理科
浙江省病理质控中心, 瑞安市病理质控中心
常规组织学检查, 病理科
免疫组织化学, 病理科
子宫颈液基细胞学检测, 病理科
市区医院病理会诊, 病理科
瑞安市科技局, 科研立项
温州市科技局, 科研立项
肝穿刺对乙肝诊断和治疗预后判断的研究, 瑞安市科技局
子宫腺肌症病变中ER、PR、cerbB-2、Bcl-2的表达研究, 温州市科技局
胃癌病人术前选择性动脉栓塞化疗对肿瘤血管的影响, 科研立项
术前动脉化疗栓塞对胃癌淋巴结转移灶癌细胞凋亡的影响, 科研立项
省级以上医学论文, 病理科
肝原发性鳞状细胞癌临床病理学观察, 省级以上医学论文
小肠黑色素瘤1例及文献分析, 省级以上医学论文
子宫腺瘤样瘤49例临床病理分析, 省级以上医学论文
温州市第十一届自然科学优秀论文奖, 子宫腺瘤样瘤49例临床病理分析
医师, 痔瘘科
副主任医师, 痔瘘科
内痔, 痔瘘科
外痔, 痔瘘科
混合痔, 痔瘘科
肛裂, 痔瘘科
肛瘘, 痔瘘科
肛乳头状瘤, 痔瘘科
直肠息肉, 痔瘘科
瑞安市科技局科研课题《直肠前突的流行病学研究》, 痔瘘科
国家级论文2篇, 痔瘘科
《结肠慢转运型便秘的外科治疗》发表在《中国中西医结合外科》杂志上, 痔瘘科
皮肤科,1982年7月5日
医师,皮肤科
护士,皮肤科
诊治各种皮肤及性传播疾病的防治,皮肤科
Co2激光治疗仪,皮肤科
腋臭,Co2激光治疗仪
宫颈糜烂,Co2激光治疗仪
息肉,Co2激光治疗仪
病毒性疣,Co2激光治疗仪
良性皮肤肿瘤,Co2激光治疗仪
恶性皮肤肿瘤,Co2激光治疗仪
色素性皮肤病,Co2激光治疗仪
瘙痒性皮肤病,Co2激光治疗仪
黄色瘤,Co2激光治疗仪
鸡眼,Co2激光治疗仪
胼胝,Co2激光治疗仪
性病专科,2002年
副主任医师,如今皮肤科
主治医师,如今皮肤科
护士,如今皮肤科
皮肤微波治疗仪,皮肤科
年门诊量约4万人次,皮肤科
温州市卫生局,皮肤科
市科技局,皮肤科
撰写论文10篇,皮肤科
国家级杂志,论文
省级,论文
市级,论文
浙江省瑞安市人民医院七十年院志, 第一部分
第一部分, 领导、名人题词
第一部分, 领导视察、医院大变化及重大成果照片
第一部分, 医院各时期平面图
浙江省瑞安市人民医院七十年院志, 第二部分
第二部分, 目录
第二部分, 序
浙江省瑞安市人民医院七十年院志, 第一章概述——与飞云江共奔腾
第一章概述——与飞云江共奔腾, 第一节弹指七十载，风流数今朝——瑞安市人民医院历史概述
第一章概述——与飞云江共奔腾, 第二节医院沿革及负责人更迭情况
第二节医院沿革及负责人更迭情况, 附瑞安市人民医院历任领导任职一览表
第一章概述——与飞云江共奔腾, 第三节瑞安市人民医院七十年大事记
浙江省瑞安市人民医院七十年院志, 第二章党群组织
第二章党群组织, 第一节中共组织沿革概况
第一节中共组织沿革概况, 附：1、瑞安市人民医院党群组织机构图
第一节中共组织沿革概况, 2、瑞安市人民医院中共组织领导任职一览表
第一节中共组织沿革概况, 3、瑞安市人民医院1949年~2006年中共党员人数一览表
第二章党群组织, 第二节工会、共青团、妇联
第二节工会、共青团、妇联, 1、瑞安市人民医院历届工会主席任职一览表
第二节工会、共青团、妇联, 2、瑞安市人民医院历届共青团正、副书记任职一览表
第二节工会、共青团、妇联, 3、瑞安市人民妇女委员会任职一览表
第二章党群组织, 第三节民主党派
浙江省瑞安市人民医院七十年院志, 第三章医院文化与行风建设
第三章医院文化与行风建设, 第一节宣传文化工作
第三章医院文化与行风建设, 第二节医院标识
第三章医院文化与行风建设, 第三节党风廉政建设
第三章医院文化与行风建设, 第四节纠正行业不正之风
浙江省瑞安市人民医院七十年院志, 第四章以人为本重视人才培养
五官科, 眼科
眼科, 白内障摘除术
眼科, 眼科专用简易病房
眼科, 视网膜脱离修复术
眼科, 白内障囊外摘除加硅胶人工晶体植入术
眼科, 穿透性角膜移植术
眼科, 眼科显微手术
眼科, PMMA后房型人工晶体植入术
眼科, 白内障加人工晶体植入术和角膜穿透性移植三联手术
眼科, 角膜放射状切开（RK）术
眼科, 白内障超声乳化术、眼眶羟基磷灰石义眼植入术
眼科, 眼底荧光血管造影、眼底激光治疗
眼科, 眼科检查和治疗中心
眼科, 眼眶肿瘤摘除术、眼表疾病羊膜移植术、青光眼阀门植入术
眼科, 眼后段手术
眼科中心, 白内障
眼科中心, 青光眼
眼科中心, 眼表疾病
眼科中心, 玻璃体疾病
眼科中心, 眼外伤
眼科中心, 眼底病
眼科中心, 弱视
眼科中心, 白内障超声乳化加折叠式人工晶体植入术
眼科中心, 非穿透性小梁切除术
眼科中心, 视网膜玻璃体手术
眼科中心, 眼表疾病手术
眼科中心, 仿真活动义眼植入术
眼科中心, 眼底疾病诊治
眼科中心, 儿童斜视弱视矫治
眼科中心, 低视力恢复和疑难验光
眼科中心, 科研和实验研究
眼科中心, 教学
眼科中心, 医疗
CompactDelta 碎石机, 碎石室
碎石技术研究, 碎石室
健侧俯卧位碎石治疗输尿管末端结石, 碎石技术研究
多方位碎石治疗输尿管各段结石, 碎石技术研究
尿路结石治疗, 我院
碎石治疗鹿角形结石, 我院
冲击波治疗骨折延迟愈合或骨折不愈合, 我院
科研课题2项, 科研情况
心血管, 神经内科
内分泌, 神经内科
中医科, 神经内科
眼面肌痉挛肉毒素局部注射术, 神经内科
颅内血肿微创清除术, 神经内科
脑梗死超早期溶栓术, 神经内科
脑血管意外局部低温治疗, 神经内科
卒中康复治疗, 神经内科
高压臭氧治疗脑梗死, 神经内科
卒中单元, 神经内科
颅内动脉瘤介入栓塞术, 神经内科
颈内动脉狭窄支架术, 神经内科
颈动脉粥样硬化与脑梗死复发的关系, 神经内科
颈动脉粥样硬化与脑梗死的关系及危险因素探讨, 神经内科
脑外科小组, 外科
脑外科, 脑外科小组
神经外科, 脑外科
神经外科二病区, 神经外科
上海－瑞安脑外科医疗中心, 神经外科
骨髓基质干细胞的诱导分化, 神经外科
骨髓基质干细胞对神经系统的损伤修复, 神经外科
神经系统损伤修复, 神经外科
神经系统病变的微侵袭治疗, 神经外科
瑞安市人民医院, 浙南地区
瑞安市人民医院, 温州地区教学基地医院
瑞安市人民医院, 医学人才
护理训练班, 瑞安市人民医院
护理训练班, 平阳、永嘉、乐清4家医院
温州卫生学校, 瑞安市人民医院
瑞安卫生学校, 瑞安市人民医院
温州医学院学生, 瑞安市人民医院
瑞安卫生进修学校, 瑞安市人民医院
省杭州卫生学校, 瑞安市人民医院
温州卫生学校, 瑞安市人民医院
瑞安技校, 县劳动局
瑞安技校, 瑞安市人民医院
丽水卫校, 瑞安市人民医院
台洲卫校, 瑞安市人民医院
绍兴卫校, 瑞安市人民医院
嘉兴卫校, 瑞安市人民医院
杭州卫校, 瑞安市人民医院
温州医学院教学医院, 瑞安市人民医院
温州医学院附属第三医院, 瑞安市人民医院
温州医学院第三临床医学院, 瑞安市人民医院
兼职教师, 温州医学院
兼职教师, 瑞安卫生进修学校
兼职教师, 瑞安技工学校
兼职教师, 市老年大学
临床教学实习任务, 温州医学院
临床教学实习任务, 瑞安市人民医院
温州医学院附属第三医院, 瑞安市人民医院
温州医学院第三临床医学院, 瑞安市人民医院
教育委员会, 内、外、妇、儿、大五官、影像、护理、药学和检验等九大教研室
内、外、妇、儿、大五官、影像、护理、药学和检验等九大教研室, 第三临床学院办公室
第三临床学院办公室, 第三临床学院
学生宿舍, 第三临床学院
教学用教室, 第三临床学院
多功能学术报告厅, 第三临床学院
技能训练室, 第三临床学院
数码照相机, 第三临床学院
数码摄像机, 第三临床学院
传真机, 第三临床学院
数码刻录机, 第三临床学院
复印机, 第三临床学院
学生活动室, 第三临床学院
乒乓球桌, 第三临床学院
健美训练器材, 第三临床学院
跑步机, 第三临床学院
学院会议室, 内、外、儿、妇、大五官、影像、护理、药学和检验等九大教研室
全院临床教学工作会议, 各职能科室
全院临床教学工作会议, 护士长
全院临床教学工作会议, 温州医学院
教学研讨会, 临床教学人员
教研会议, 各教研室
学生座谈会, 学生
教改措施, 内科教研室
教改措施, 外科教研室
出科考试改革, 教学查房评分表
学生的出科成绩, 教学查房评分表
课堂教学和临床带教计划, 妇科教研室
教学专职管理人员, 妇科教研室
教学例会, 儿科教研室
学生夜查房制度, 儿科教研室
学生疑难病例讨论会, 儿科教研室
实习大纲要求的内容, 影像教研室
门诊病房交替实习, 大五官教研室
教学查房, 大五官教研室
师资培训工作, 护理教研室
专项培训, 护理教研室
科室业务学习和教学人员小讲课, 药学和检验教研室
课堂实践, 药学和检验教研室
系列教学评估及教学观摩活动, 临床学院办公室
电脑多媒体技术讲课, 教师
医疗职业道德、医院规章制度、安全医疗等实习前教育, 初来学生
师生登山活动、篮球赛、清明节扫墓活动、带领学生到近地郊游和举办师生联谊活动等多种形式的文体活动, 实习期间
社区共建协议, 学院
学生座谈会和师生交流会, 学院
学术气氛, 教学工作
学术水平, 教学工作
学科发展和医疗技术水平的提高, 教学工作
医疗卫生事业可持续发展，后继有人, 教学工作
医院的经济效益, 教学工作
医院每年的业务收入, 教学工作
内科, 门诊
外科, 门诊
助产, 门诊
甲等, 病床
乙等, 病床
丙等, 病床
门诊科室, 医疗卫生事业
病床数, 医疗卫生事业
医疗科室结构图, 瑞安市人民医院
临床工作一览表, 瑞安市人民医院
工作量统计表, 瑞安市人民医院
专门的手术室, 门诊
换药室, 门诊
内科（包括小儿科和传染科）, 门诊
外科（包括妇产科）, 门诊
五官科（包括眼科）, 门诊
中医科（包括针灸、推拿）, 门诊
X光室, 门诊
化验室, 门诊
人流室, 门诊
肠道科, 门诊
输液室, 门诊
理疗科, 门诊
口腔科, 门诊
儿科, 医疗卫生事业
骨科, 医疗卫生事业
皮肤科, 医疗卫生事业
急诊科, 医疗卫生事业
心血管, 大内科
消化, 大内科
神经, 大内科
血液, 大内科
呼吸, 大内科
内分泌, 大内科
肾内, 大内科
上海, 各个领域的医疗骨干
北京, 各个领域的医疗骨干
杭州, 各个领域的医疗骨干
神经外科, 医疗卫生事业
肿瘤外科, 肿瘤综合治疗中心
放化疗中心, 肿瘤综合治疗中心
微创中心, 肿瘤综合治疗中心
眼科, 温州医学院
介入和烧伤科, 温州医学院
神经内科, 医院
泌尿外科, 医院
内分泌科, 医院
骨科, 医院
介入科, 医院
神经外科, 医院
儿科, 医院
消化内科, 医院
急诊医学, 医院
肿瘤放化疗科, 医院
眼科, 医院
宣传文化工作, 医院文化与行风建设
政宣科, 宣传文化工作
院长办公室, 政宣科
宣传报导网络, 政宣科
医院政治学习参考资料, 政宣科
《瑞医通讯》, 宣传文化工作
《瑞医院报》, 宣传文化工作
院报特刊, 《瑞医院报》
对外宣传报导, 宣传文化工作
瑞医行风建设百日竞赛系列报导, 对外宣传报导
宣传渠道, 宣传文化工作
健康伴你行节目, 宣传渠道
医院标识, 医院文化与行风建设
医院文化, 医院标识
文化观念, 医院文化
价值观念, 医院文化
医院精神, 医院文化
道德规范, 医院文化
行为准则, 医院文化
视觉识别系统, 医院标识
院徽, 视觉识别系统
纪律检查委员会, 中共瑞安市人民医院
纪检书记, 纪律检查委员会
纪检委员, 纪律检查委员会
院党委, 中共瑞安市人民医院
上级纪检部门, 纪律检查委员会
院纪委, 中共瑞安市人民医院
党委统一领导, 党风廉政建设运行机制
党政齐抓共管, 党风廉政建设运行机制
纪委组织协调, 党风廉政建设运行机制
部门各负其责, 党风廉政建设运行机制
依靠群众支持和参与, 党风廉政建设运行机制
招标委员会, 中共瑞安市人民医院
大型设备论证委员会, 中共瑞安市人民医院
药品招标组, 招标委员会
设备招标组, 招标委员会
一次性用品和办公用品招标组, 招标委员会
大型设备委员会, 中共瑞安市人民医院
党风廉政建设领导小组, 中共瑞安市人民医院
院党委, 党风廉政建设领导小组
行政领导, 党风廉政建设领导小组
医药购销领域中商业贿赂专项治理工作, 中共瑞安市人民医院
瑞安市人民医院职工奖惩条例, 中共瑞安市人民医院
纪检监察室, 中共瑞安市人民医院
医院领导班子, 中共瑞安市人民医院
耳鼻咽喉科, 五官科
耳鼻咽喉科, 眼科
扁桃体切除术, 耳鼻咽喉科
食道镜检查术及镜下异物取除术, 耳鼻咽喉科
直达喉镜检查术及镜下声带息肉摘除术, 耳鼻咽喉科
上颌窦根治术, 耳鼻咽喉科
乳突凿开术, 耳鼻咽喉科
乳突根治术, 耳鼻咽喉科
鼻中隔矫正术, 耳鼻咽喉科
喉显微术, 耳鼻咽喉科
喉裂开术, 耳鼻咽喉科
半喉切除术, 耳鼻咽喉科
全喉切除术, 耳鼻咽喉科
颈淋巴清扫术, 耳鼻咽喉科
全喉切除发音重建术, 耳鼻咽喉科
甲状腺瘤切除术, 耳鼻咽喉科
鼻内镜术, 耳鼻咽喉科
鼻侧切开鼻腔鼻窦肿瘤切除术, 耳鼻咽喉科
上颌窦癌早期诊断及扩大根治术, 耳鼻咽喉科
鼻咽纤维血管瘤切除术, 耳鼻咽喉科
面神经吻合术和面神经移植术, 耳鼻咽喉科
鼓室成形术, 耳鼻咽喉科
颈侧切开食道异物取出术, 耳鼻咽喉科
耳鼻喉科综合治疗台, 耳鼻咽喉科
听力检查中心, 耳鼻咽喉科
温州医学院本科大学生的耳鼻咽喉-头颈外科的大课和临床带教任务, 耳鼻咽喉科
瑞安卫校的耳鼻咽喉科教学任务, 耳鼻咽喉科
新生儿听力普遍性筛查的研究, 耳鼻咽喉科
腺样体切除在治疗小儿慢性鼻窦炎中的作用, 耳鼻咽喉科
严重颌面部外伤23例报告, 耳鼻咽喉科
微波治疗肥厚性鼻炎82例, 耳鼻咽喉科
职工宿舍, 医院
五层职工宿舍, 职工宿舍
四层职工宿舍, 职工宿舍
四层主治楼, 职工宿舍
五层职工宿舍, 职工宿舍
住房公积金制度, 医院
商品房, 医院
医院职工宿舍, 房改
住房补贴政策, 医院
人工肾室, 肾内科
肾内专业组, 肾内科
泌尿外科, 肾内科
内科其它病种, 肾内科
副主任医师, 肾内科
主治医师, 肾内科
住院医师, 肾内科
肾穿刺术, 肾内科
肾移植手术, 肾内科
腹膜透析, 肾内科
氯沙坦治疗肾性高血压30例临床分析, 肾内科
尿毒症患者血小板参数的变化分析, 肾内科
慢性肾功能衰竭患者不同时期的心脏改变研究, 肾内科
活化血小板测定对应用促红素尿毒症患者的血栓形成的分析评估及对策, 肾内科
温州卫生局课题, 肾内科
瑞安科技局课题, 肾内科
血透机, 人工肾室
专科护士, 人工肾室
专科医生, 人工肾室
血液滤过, 人工肾室
血液灌流, 人工肾室
血浆置换, 人工肾室
带CUFF（涤纶套）永久性双腔血透导管置入术, 人工肾室
肿瘤外科, 肿瘤综合治疗中心
肿瘤放化疗科, 肿瘤综合治疗中心
肿瘤微创治疗分中心, 肿瘤综合治疗中心
缩窄性心包炎心包剥脱术, 胸心外科
体外循环心内直视术, 胸心外科
先天性心脏病矫治术, 胸心外科
法乐氏四联征根治术, 胸心外科
单瓣、多瓣膜置换术和成形术, 胸心外科
冠脉搭桥术, 胸心外科
急诊冠脉搭桥术, 胸心外科
不停跳冠脉搭桥术, 胸心外科
肺癌的手术治疗和综合治疗, 胸心外科
各种肺部疾病的外科治疗, 胸心外科
食管癌、贲门癌的手术治疗, 胸心外科
纵隔疾病的手术治疗, 胸心外科
微创手术, 胸心外科
胸腔镜手术, 胸心外科
小切口手术, 胸心外科
离心泵应用于体外循环心内直视术, 胸心外科
心脏移植手术, 胸心外科
体外膜肺氧合技术（ECMO）, 胸心外科
纵隔镜手术, 胸心外科
心脏瓣膜手术, 胸心外科
肺癌、食管癌手术, 胸心外科
叶溱, 全国卫生系统优秀思想政治工作者
王小玲, 全国卫生系统护理专业巾帼建功标兵
洪月梧, 省先进工作者
陈仲霖, 省先进工作者
叶家鹤, 省优秀儿童工作者
蔡贞淑, 省优秀护士
胡玉珠, 省先进护士
何汝君, 省先进护士
方珍珍, 省先进护士
孙美红, 省先进护士
胡玉珠, 省先进工作者
何德友, 省青年读书积极分子
叶玲玲, 省卫生文明建设先进工作者
高潮, 省残疾人三项康复工作先进个人
陈杨弟, 省白求恩式医务工作者
高潮, 省残疾人三项康复工作先进个人
张力成, 省卫生厅救灾防病先进工作者
陈杨弟, 省高校招生委员会省卫生厅联合授予成绩显著荣誉
叶溱, 省卫生系统思想政治工作成绩突出的优秀党委书记
陈剑云, 省牙防先进工作者
叶溱, 省卫生系统先进工作者
叶溱, 省行风建设先进工作者
叶溱, 省卫生系统优秀思想政治工作者
陈展伟, 省优秀共产党员
王小玲, 省优秀护士
林燕, 卫生系统省级青年岗位能手
陈爱玲, 省抗击“非典”优秀青年志愿者
戴洁, 省城镇妇女巾帼建功标兵
陈民, 省卫生系统财会先进工作者
谢美珠, 省新生儿疾病筛查工作先进个人
游世梅, 省优秀青年志愿者
李伟, 温州地区三等劳动模范
谢文贞, 温州市先进工作者
谢文贞, 温州市先进工作者
陈志松, 温州市劳动模范
刘金华, 温州市计划生育先进工作者
薛瑞兰, 温州市优秀护士
叶玲玲, 温州市优秀护士
叶玲玲, 温州市优秀护士
万静妹, 温州市优秀护士
叶玲玲, 温州市劳动模范
邱英英, 温州市优秀护士
高潮, 温州市三项康复工作先进个人
孙美红, 温州市优秀护士
应雅琴, 温州市优秀护士
叶玲玲, 温州市优秀护士
应雅琴, 温州市优秀护士
孙美红, 温州市优秀护士
施陈春, 温州市巾帼建功先进工作者
高潮, 温州市残疾人康复工作先进个人
叶玲玲, 温州市优秀护士
夏小平, 温州市优秀工会积极分子
高潮, 温州市各民主党派、工商联为经济建设服务先进工作者
张力成, 温州市17号台风抢险救灾优秀党员
刘金华, 温州市优秀工会积极分子
林仁俊, 温州市征兵工作先进工作者
项文和, 温州市优秀护士
叶溱, 温州市劳动模范
林杰, 温州市优秀工会积极分子
项云微, 温州市优秀工会积极分子
林仁俊, 温州市征兵工作先进工作者
余筱玲, 温州市十佳医卫青年
项文和, 温州市优秀护士
孙美红, 温州市优秀工会积极分子
虞爱霄, 温州市先进女职工
周瑞微, 温州市优秀护士
高潮, 温州市扶残助残先进工作者
高潮, 温州市扶贫攻坚十佳医务人员
薛瑞清, 温州市劳动模范
项云微, 温州市工会先进女职工
任瑞芳, 温州市先进护士
高潮, 温州市扶残助残“十佳”人员
张力成, 温州市劳动模范
舒丽雅, 温州市先进护理工作者
胡春芬, 温州市卫生系统病案、卫生统计先进工作者
陈民, 温州市优秀工会积极分子
陈展伟, 温州市优秀共产党员
何建英, 温州市工会先进女职工
陈颖异, 温州市名中医师
林春华, 温州市卫生系统优秀党务工作者
卢学勉, 温州市卫生系统优秀共产党员
朱小舟, 温州市卫生系统优秀共产党员
张力成, 温州市劳动模范
陈伟, 温州市优秀
陈积贤, 男科主任
男科主任, 副主任医师
陈爱芬, 女科长
女科长, 副主任医师
郝权武, 院长
院长, 副主任医师
陈锡刚, 男科主任
陈永康, 男科主任
男科主任, 主任医师
陈杨弟, 男科主任
张力成, 男科主任
高潮, 男科主任
男科主任, 主治医师
叶家鹤, 医师
医师, 副主任医师
陈崇喜, 男科主任
张力成, 院长
陈积贤, 医师
医师, 主治医师
易兴阳, 副科主任
副科主任, 主治医师
明兵, 科主任
科主任, 主治医师
高潮, 副院长
副院长, 主任医师
卢学勉, 男科主任
陈颖异, 女副科主任
女副科主任, 副主任医师
杨国敬, 男科主任
蒲青凡, 男副科主任
蒋聚洪, 男副科主任
陈宁, 医师
陈镇国, 男副科主任
汤呈宣, 医师
陈民, 男科长
男科长, 会计师
虞希祥, 男副科主任
陈炯, 男科主任
娄哓辉, 男科副主任
科副主任, 主治医师
高潮, 市人大副主任
市人大副主任, 主任医师
曹华妹, 女科主任
女科主任, 主任医师
娄晓辉, 男副科主任
急性抗阻型化脓胆囊炎并发胆源性败血症74例分析, 陈永康
伤科手法治疗肩凝症体会, 徐卫国
鲎试验的临床应用, 陈扬弟
门静脉内毒素血症研究, 叶山仰
人alpha-干扰素的试制及临床试用, 华稳珍
门静脉菌血症毒血症与外科消化道疾病关系探讨, 叶山仰
氨卞青霉素所致的皮疹的临床分析, 陈扬弟
实施护理安全管理总体规划以降低护理缺陷发生率的尝试, 孙美红
手法治疗踝关节粘连30例临床报告, 徐卫国
医院图书馆的读者队伍及其阅读心理浅析, 叶诚
通脬汤治疗产后癃闭100例, 陈颖异
扶正祛邪内外结合治疗慢性盆腔炎120例, 陈颖异
乳酸菌素治疗小儿消化道过敏症的探讨, 华稳珍
腕掌侧严重切割的修复及远期疗效, 张力成
中西医结合治疗乳腺增生120例, 陈颖异
中药材直观鉴别在基层药局中的应用及重要性, 王建雅
高压氧治疗脑梗塞并发呑咽功能喪失20例, 林晓萍
非诺贝特治疗高脂血症的临床分析, 薛增奇
手法加骨膜下局封治疗顽固性网球肘30例, 徐卫国
介入诊疗技术在血管病变和恶性肿瘤中的应用价值, 虞希祥
巩膜三角形切口控制人工晶体术后的角膜散光高潮, 陈镇国
外治内服辨证分型以消痛散加味治疗慢性盆腔疼痛症379例, 陈颖异
依法办理会计事务促进医院财务管理水平的提高, 陈民
阻止急性胰腺炎由轻型向重症发展, 蒲青凡
中药妇舒康汤的抑菌作用研究, 陈颖异
胆道探查术中及术后纤维胆道镜应用价值探讨, 蒲青凡
颈动脉粥样硬化与脑梗死复发的关系探讨, 易兴阳
急性直结肠梗阻行一期结肠切除吻合术的选择, 蒲青凡
糖尿病小切口胆囊切除术前非胰岛素准备的探讨, 蒲青凡
改善胰腺缺血和钙拮抗剂在急性重症胰腺炎治疗中的保护作用, 蒲青凡
西药房, 药剂科
门诊药房, 药剂科
住院部药房, 药剂科
西药仓库, 药剂科
中药房, 药剂科
草药房, 药剂科
中草药仓库, 药剂科
中药加工房, 药剂科
制剂室, 药剂科
制剂楼, 药剂科
药检室, 药剂科
动物实验室, 药剂科
临床药学室, 药剂科
药库, 药剂科
病区药房, 药剂科
药剂科教研室, 药剂科
医务人员, 营养科
中级职称, 医务人员
肠内营养配制, 营养科
肠外营养配制, 营养科
病人治疗饮食方案, 营养科
病人食堂的饮食质量, 营养科
营养宣教, 营养科
营养咨询, 营养科
营养评价, 营养科
营养会诊, 营养科
营养治疗, 营养科
现代营养学, 营养科
祖国传统食疗经验, 营养科
营养室, 营养科
病人食谱, 营养室
食堂制作治疗饮食, 营养室
营养科工作, 主治医师
医学营养计算机临床应用, 营养科
营养门诊, 营养科
肠内营养支持, 营养科
治疗饮食, 营养科
肠外营养支持, 营养科
营养厨师, 炊事员
营养师, 护师
院举办, 浙江省营养学会年会暨省临床营养研讨会
无菌配制室和洁净层流台, 我院静脉营养配制室
外周静脉或中心静脉营养支持的病人, 无菌配制室和洁净层流台
营养液, 营养配制室
新闻媒体宣传营养知识, 科普宣传
饮食误区纠正, 科普宣传
营养知识普及, 科普宣传
生活质量提高, 科普宣传
营养不当相关疾病预防, 科普宣传
学术交流, 营养科
临床营养研讨会, 学术交流
论文发表, 学术交流
临床营养教育, 学术交流
医学院实习生临床营养课, 学术交流
兄弟医院营养人员进修与参观交流, 学术交流
医生, 血液科
主任医师, 医生
主治医师, 医生
住院医师, 医生
床位, 血液科
恶性淋巴瘤, 血液科
风湿病学, 血液科
急性白血病, 血液科
多发性骨髓瘤, 血液科
再生障碍性贫血, 血液科
特发性血小板减少性紫癜, 血液科
系统性红斑狼疮, 血液科
化疗, 血液科
亚砷酸治疗慢性粒细胞白血病, 血液科
亚砷酸治疗多发性骨髓瘤, 血液科
科研课题, 血液科
本科生血液病学, 血液科
本科生风湿病学, 血液科
米托蒽醒为主的化疗方案治疗恶性血液病疗效观察论文, 血液科
亚砷酸注射液治疗慢性粒细胞白血病的临床疗效分析论文, 血液科
医疗, 分工负责制
医技, 分工负责制
财务后勤, 分工负责制
医务科, 行政管理机构
护理部, 行政管理机构
财务科, 行政管理机构
总务科, 行政管理机构
预防保健科, 行政管理机构
院长办公室, 行政管理机构
人事保卫科, 行政管理机构
学术委员会, 专业管理组织
药事管理委员会, 专业管理组织
医疗仪器管理委员会, 专业管理组织
爱国卫生运动委员会, 专业管理组织
规章制度管理委员会, 专业管理组织
医疗部门, 规章制度
护理部门, 规章制度
计划生育, 国务院
四项手术, 医院
计划生育四项手术, 全市计划生育
基层计划生育手术骨干任务, 医院
全市计划生育高潮, 1980年
五支手术队伍, 医院
固定计划生育队伍, 医院
常性计划生育工作, 医院
计划生育指导室, 医院
计划生育留观室, 医院
市计划生育局管理, 医院
全院有生育能力职工的计划生育管理工作, 医院
全市计划生育工作, 医院
本院职工的计划生育宣传工作, 医院
四项措施, 医院
瑞安市人民医院计划生育统计表, 医院
血管钳, 医疗设备
镊子, 医疗设备
手术剪, 医疗设备
持针器, 医疗设备
贮槽, 医疗设备
煮沸消毒器, 医疗设备
注射器, 医疗设备
木制手术台, 医疗设备
听诊器, 医疗设备
压舌板, 医疗设备
手术布, 医疗设备
白帽, 医疗设备
简易显微镜, 医疗设备
1000倍显微镜, 医疗设备
30毫安X光机, 医疗设备
万能手术台, 医疗设备
无影灯, 医疗设备
病床, 医疗设备
卧式高压消毒器, 医疗设备
心电图机, 医疗设备
200毫安X线诊断机, 医疗设备
牙科简易治疗台, 医疗设备
CT, 医疗设备
MRI, 医疗设备
DSA, 医疗设备
医疗设备, 设备科
卫生材料, 设备科
低值易耗品, 设备科
设备科, 医疗器械管理
总务材料管理, 物资供应中心
卫生材料, 物资供应中心
低值易耗品, 物资供应中心
物资供应中心, 设备物资科
设备科, 设备物资科
医疗仪器, 设备物资科
设备物资科, 医疗器械管理
财务管理, 医院发展过程
科室建设, 财务管理
制度建设, 财务管理
经济核算, 财务管理
理财服务, 财务管理
现金流量控制, 理财服务
简化患者就诊流程, 理财服务
费用报销财务代理制, 理财服务
门诊就诊卡制度, 简化患者就诊流程
门诊收费、住院结算实行了电脑网络化管理, 简化患者就诊流程
财务为临床服务, 费用报销财务代理制
经济活动分析, 经济核算
成本核算责任中心, 经济核算
制度建设, 医院资金管理方式
物资管理制度, 制度建设
财务科工作流程, 制度建设
健康中医联合诊所, 城关镇中西医联合诊所
西南合作诊所, 城关镇中西医联合诊所
协济内科联合诊所, 城关镇中西医联合诊所
劳工保健站, 城关保健院
三益堂, 城关保健院
城关镇中西医联合诊所, 城关保健院
城关保健院, 城关人民公社医院
城关人民公社医院, 城关医院
城关医院, 瑞安市红十字医院
瑞安市红十字医院, 瑞安市人民医院
瑞安市人民医院, 浙南地区规模最大、功能最全的健康体检机构之一
浙南地区规模最大、功能最全的健康体检机构之一, 惠民医院
A型超声检查, 临床超声诊断
M型超声心动图检查, 临床超声诊断
日立EVB-27B型超声诊断仪, 临床超声诊断
B超室, 特检科
超声影像科, B超室
飞利浦SONOS5500/HDI5000, 超声影像科
西门子SEQUIO512, 超声影像科
中高档彩色超声诊断仪, 超声影像科
便携式迈瑞BP-6600超声诊断仪, 超声影像科
超声PACS系统, 科室管理
超声医师, 超声影像科
护士, 超声影像科
腹部及妇产科超声检查, 超声影像科
心血管系统超声检查, 超声影像科
浅表器官超声检查, 超声影像科
介入性超声诊断及治疗, 超声影像科
输血员队伍, 输血科
血液, 输血科
瑞安市血站, 输血科
工作人员, 输血科
输血管理委员会, 输血科
输血科, 医院
血源, 输血科
冰箱温度, 输血科
帐册, 输血科
陈炯, 中国医师协会烧伤科医师分会
陈炯, 中华医学会烧伤外科学分会
陈炯, 浙江省医学会烧伤分会
陈炯, 中国研究型医院学会烧创伤修复重建与康复专业委员会
陈炯, 中国研究型医院学会美容医学专业委员会
陈炯, 中国老年医学学会烧创伤分会
陈炯, 中国研究型医院学会生物材料临床应用分会
陈炯, 海峡两岸医药卫生交流学会烧伤既组织修复分会
陈炯, 中国医疗保健国际交流促进会烧伤医学会
陈炯, 《中华烧伤杂志》
陈炯, 《中华医学杂志》（中文版）
陈炯, 《中华损伤与修复杂志》
陈炯, 《实用医学杂志》
苏国良, 中华医学会烧伤外科学分会青年委员
苏国良, 温州市医学会烧伤与创面分会
林小玮, 浙江省烧伤与创面修复科分会
林小玮, 温州市医学会烧伤与创面分会
周建军, 浙江省医学会烧伤与创面修复科分会
周建军, 温州市医学会烧伤与创面分会
周建军, 论文（著作）
周建军, 科研项目
周建军, 硕士研究生
门诊大楼, 医院
住院部, 医院
门诊部办公室, 门诊部
门诊部正、副主任, 门诊部
B超室, 门诊大楼
心电图室, 门诊大楼
脑电图室, 门诊大楼
X光透视室, 门诊大楼
病理科, 门诊大楼
挂号室, 门诊大楼
收费处, 门诊大楼
中药房, 门诊大楼
西药房, 门诊大楼
化验室, 门诊大楼
财务科及行政各办公室, 门诊5楼
急诊科, 大楼的西首裙房一层
挂号厅, 门诊大楼的东南角
输液室及传染病门诊, 门诊大楼的东首
门诊体检中心, 门诊部
特需输液室, 门诊输液室扩建
抽血和标本收集窗口, 门诊检验室
一站式服务中心, 门诊大厅一层
门诊输液室, 新医技大楼
门诊手术室, 医技楼4层
门诊口腔科, 新建医技大楼
信息化管理, 新门诊大楼
医院内设立防疫股, 瑞安县人民政府卫生院
专人负责全面预防工作, 医院内设立防疫股
防疫站, 瑞安县人民政府卫生院
医院抽调人员, 防疫站
医院指定一名医生, 瑞安县人民政府卫生院
预防保健科, 瑞安县人民政府卫生院
医师, 预防保健科
护士, 预防保健科
保健科专人, 预防保健科
家庭病房, 瑞安县人民政府卫生院
保健科督促医师, 家庭病房
健康教育领导小组, 瑞安县人民政府卫生院
专业和病区宣传员, 健康教育领导小组
制度, 瑞安县人民政府卫生院
上级要求, 瑞安县人民政府卫生院
市劳动与社会保障局, 瑞安县人民政府卫生院
本院职工医疗费报销审批把关, 市劳动与社会保障局
计划生育宣传管理工作, 瑞安县人民政府卫生院
全院育龄妇女进行环透, 计划生育宣传管理工作
康复病房, 骨伤科
副主任医师, 骨伤科
主治医师, 骨伤科
医师, 骨伤科
护士, 骨伤科
床位, 骨伤科
医疗业务, 骨伤科
课题研究, 骨伤科
论文发表, 骨伤科
外科, 骨科
骨科, 骨科第一病区
骨科, 骨科第二病区
骨科, 骨科第三病区
骨科, 手外科病区
骨科, 温州Stryker关节镜中心
骨科, 医师
医师, 主任医师
医师, 副主任医师
医师, 主治医师
医师, 硕士学位医师
骨科, 教学工作
教学工作, 硕士生导师
教学工作, 教授
教学工作, 副教授
教学工作, 温州医学院硕士研究生
教学工作, 本科生与专科生临床带教
骨科, 科研工作
科研工作, 省卫生厅级科研项目
科研工作, 温州市科委科研项目
科研工作, 瑞安市科委科研项目
科研工作, 科研论文
科研工作, 科技进步奖
科研工作, 国务院特殊津贴
高压氧舱室, 高压氧治疗室
医务人员, 高压氧舱室
SHC-1800-8型高压氧舱, 高压氧舱室
脑外伤性失语, 治疗效果
突发性耳聋, 治疗效果
一氧化碳中毒, 治疗效果
眼外伤引起的视神经萎缩, 治疗效果
皮瓣坏死, 治疗效果
缺氧性脑病, 治疗效果
高压氧治疗脑梗塞并发呑咽功能丧失20例, 医学论文
中华航海医学, 医学论文
自然科学优秀学术论文二等奖, 瑞安市科协
麻醉科, 医务人员
医务人员, 副主任医师
医务人员, 主治医生
医务人员, 住院医生
医务人员, 主管护师
医务人员, 护士
麻醉科, 设备
设备, 层流洁净手术室
设备, 进口麻醉机
设备, 多功能监护仪
设备, 进口人工心肺机
设备, 动脉血气分析仪
设备, 血细胞洗涤机
设备, 连续心排血量测定仪
设备, 脑电双频指数监测仪
设备, 麻醉后恢复室
麻醉科, 专业
专业, 胸心外科
专业, 普外科
普外科, 烧伤整形
普外科, 泌尿外科
专业, 骨科
专业, 神经外科
专业, 眼科
专业, 耳鼻喉科
专业, 疼痛治疗
麻醉科, 课题
课题, 异丙酚不同输注法对重型脑颅创伤患者脑氧代谢的影响
麻醉科, 发表的文章
发表的文章, 术前急性高容量血液稀释对肿瘤病人围术期血液流变学及血浆IL-2和IL-6水平的影响
